PROV1;Pokoungpt;;;;;;;;;;;;;x
PROV2;Kuuwumn;;;;;;;;;;;;;x
PROV3;Shruungpt;;;;;;;;;;;;;x
PROV4;Mroud;;;;;;;;;;;;;x
PROV5;Pouu;;;;;;;;;;;;;x
PROV6;Umpou;;;;;;;;;;;;;x
PROV7;Prawrish;;;;;;;;;;;;;x
PROV8;Powushan;;;;;;;;;;;;;x
PROV9;Rotibuukiru;;;;;;;;;;;;;x
PROV10;Idtouswun;;;;;;;;;;;;;x
PROV11;Guwougpt;;;;;;;;;;;;;x
PROV12;Rakuumoum;;;;;;;;;;;;;x
PROV13;Oukam;;;;;;;;;;;;;x
PROV14;Toubomput;;;;;;;;;;;;;x
PROV15;Duumpivou;;;;;;;;;;;;;x
PROV16;Tor Dromn;;;;;;;;;;;;;x
PROV17;Sha-Tangpt;;;;;;;;;;;;;x
PROV18;Fofiouswun;;;;;;;;;;;;;x
PROV19;Prousorum;;;;;;;;;;;;;x
PROV20;Doungou;;;;;;;;;;;;;x
PROV21;Pashan;;;;;;;;;;;;;x
PROV22;Ngumnwush;;;;;;;;;;;;;x
PROV23;Mrabongpt;;;;;;;;;;;;;x
PROV24;Hwoumpuush;;;;;;;;;;;;;x
PROV25;Ohwmuoum;;;;;;;;;;;;;x
PROV26;Wuumomum;;;;;;;;;;;;;x
PROV27;Wruuvouwrud;;;;;;;;;;;;;x
PROV28;Pikirutum;;;;;;;;;;;;;x
PROV29;Powouswun;;;;;;;;;;;;;x
PROV30;Rotibuwrud;;;;;;;;;;;;;x
PROV31;Wusumpod;;;;;;;;;;;;;x
PROV32;Vodruwan;;;;;;;;;;;;;x
PROV33;Pudwousoum;;;;;;;;;;;;;x
PROV34;Anuvruhwu;;;;;;;;;;;;;x
PROV35;Powushov;;;;;;;;;;;;;x
PROV36;Sha-Funwof;;;;;;;;;;;;;x
PROV37;Wrogangpt;;;;;;;;;;;;;x
PROV38;Romnugpt;;;;;;;;;;;;;x
PROV39;Hwuptoum;;;;;;;;;;;;;x
PROV40;Pruubouswun;;;;;;;;;;;;;x
PROV41;Wompudro;;;;;;;;;;;;;x
PROV42;Fruman;;;;;;;;;;;;;x
PROV43;Pkoshu;;;;;;;;;;;;;x
PROV44;Hwampumn;;;;;;;;;;;;;x
PROV45;Froubou;;;;;;;;;;;;;x
PROV46;Prakuushan;;;;;;;;;;;;;x
PROV47;Wagouman;;;;;;;;;;;;;x
PROV48;Ouruuwub;;;;;;;;;;;;;x
PROV49;Pribouman;;;;;;;;;;;;;x
PROV50;Dohswun;;;;;;;;;;;;;x
PROV51;Joth;;;;;;;;;;;;;x
PROV52;Shabupti;;;;;;;;;;;;;x
PROV53;Tuptiwoum;;;;;;;;;;;;;x
PROV54;Sha-Wongpt;;;;;;;;;;;;;x
PROV55;Wrousonto;;;;;;;;;;;;;x
PROV56;Ngumvouswun;;;;;;;;;;;;;x
PROV57;Pishukuwan;;;;;;;;;;;;;x
PROV58;Tha;;;;;;;;;;;;;x
PROV59;Fuwofous;;;;;;;;;;;;;x
PROV60;Pruubungpt;;;;;;;;;;;;;x
PROV61;Niřo;;;;;;;;;;;;;x
PROV62;Gi-Drukgpt;;;;;;;;;;;;;x
PROV63;Prumnouswun;;;;;;;;;;;;;x
PROV64;Pundundtwun;;;;;;;;;;;;;x
PROV65;Doud;;;;;;;;;;;;;x
PROV66;Kukuumn;;;;;;;;;;;;;x
PROV67;Shodmau;;;;;;;;;;;;;x
PROV68;Zhâzpt;;;;;;;;;;;;;x
PROV69;Bobumoum;;;;;;;;;;;;;x
PROV70;Misonti;;;;;;;;;;;;;x
PROV71;Kupi;;;;;;;;;;;;;x
PROV72;Jun;;;;;;;;;;;;;x
PROV73;Nōozht;;;;;;;;;;;;;x
PROV74;Kaua;;;;;;;;;;;;;x
PROV75;Naun;;;;;;;;;;;;;x
PROV76;Mabōma;;;;;;;;;;;;;x
PROV77;Piik;;;;;;;;;;;;;x
PROV78;Muzhfuzh;;;;;;;;;;;;;x
PROV79;Faamn;;;;;;;;;;;;;x
PROV80;Treuguu;;;;;;;;;;;;;x
PROV81;Mruuwub;;;;;;;;;;;;;x
PROV82;Tykomt;;;;;;;;;;;;;x
PROV83;V́uso;;;;;;;;;;;;;x
PROV84;Aaruumra;;;;;;;;;;;;;x
PROV85;Tykuug;;;;;;;;;;;;;x
PROV86;Tykeubůyk;;;;;;;;;;;;;x
PROV87;Tuteu;;;;;;;;;;;;;x
PROV88;Worůykreu;;;;;;;;;;;;;x
PROV89;Azaaw;;;;;;;;;;;;;x
PROV90;Zaat;;;;;;;;;;;;;x
PROV91;Ykufun;;;;;;;;;;;;;x
PROV92;Vuyawo;;;;;;;;;;;;;x
PROV93;V́ove;;;;;;;;;;;;;x
PROV94;Wiwúchy;;;;;;;;;;;;;x
PROV95;Achyimút;;;;;;;;;;;;;x
PROV96;Fithaoog;;;;;;;;;;;;;x
PROV97;Sibofúth;;;;;;;;;;;;;x
PROV98;Tumiv́a;;;;;;;;;;;;;x
PROV99;Vofo;;;;;;;;;;;;;x
PROV100;Túwúo;;;;;;;;;;;;;x
PROV101;Chyot;;;;;;;;;;;;;x
PROV102;Fubijouwun;;;;;;;;;;;;;x
PROV103;Proumoum;;;;;;;;;;;;;x
PROV104;Wúvo;;;;;;;;;;;;;x
PROV105;Thom;;;;;;;;;;;;;x
PROV106;Woruuba;;;;;;;;;;;;;x
PROV107;Tangaaykam;;;;;;;;;;;;;x
PROV108;Aaykam;;;;;;;;;;;;;x
PROV109;Ykůzaa;;;;;;;;;;;;;x
PROV110;Tangayk;;;;;;;;;;;;;x
PROV111;Mramraa;;;;;;;;;;;;;x
PROV112;Mreuvayk;;;;;;;;;;;;;x
PROV113;Nguuykzo;;;;;;;;;;;;;x
PROV114;Zaammeuyk;;;;;;;;;;;;;x
PROV115;Ykruykůw;;;;;;;;;;;;;x
PROV116;Ykuuhwu;;;;;;;;;;;;;x
PROV117;Zoveubu;;;;;;;;;;;;;x
PROV118;Tommuubuu;;;;;;;;;;;;;x
PROV119;Zruyk;;;;;;;;;;;;;x
PROV120;Aaykeum;;;;;;;;;;;;;x
PROV121;Ykuykaa;;;;;;;;;;;;;x
PROV122;Yeg;;;;;;;;;;;;;x
PROV123;Fathe;;;;;;;;;;;;;x
PROV124;Ykrom;;;;;;;;;;;;;x
PROV125;Tumtaa;;;;;;;;;;;;;x
PROV126;Zruungt;;;;;;;;;;;;;x
PROV127;Tykaaw;;;;;;;;;;;;;x
PROV128;Zaykumn;;;;;;;;;;;;;x
PROV129;Ykont;;;;;;;;;;;;;x
PROV130;Traawaa;;;;;;;;;;;;;x
PROV131;Ykunt;;;;;;;;;;;;;x
PROV132;Chyichy;;;;;;;;;;;;;x
PROV133;Befo;;;;;;;;;;;;;x
PROV134;Wuykzosweu;;;;;;;;;;;;;x
PROV135;Zreufůf;;;;;;;;;;;;;x
PROV136;Zomtuuykeu;;;;;;;;;;;;;x
PROV137;Ykuufrongu;;;;;;;;;;;;;x
PROV138;Ykraayk;;;;;;;;;;;;;x
PROV139;Veuzu;;;;;;;;;;;;;x
PROV140;Zrůswuf;;;;;;;;;;;;;x
PROV141;Ykumo;;;;;;;;;;;;;x
PROV142;Ykeuyk;;;;;;;;;;;;;x
PROV143;Truunt;;;;;;;;;;;;;x
PROV144;Vuthoo;;;;;;;;;;;;;x
PROV145;Gasog;;;;;;;;;;;;;x
PROV146;V́ohu;;;;;;;;;;;;;x
PROV147;Trowů;;;;;;;;;;;;;x
PROV148;Zrov;;;;;;;;;;;;;x
PROV149;Teuykeuyk;;;;;;;;;;;;;x
PROV150;Ykaab;;;;;;;;;;;;;x
PROV151;Tykaamu;;;;;;;;;;;;;x
PROV152;Ykruut;;;;;;;;;;;;;x
PROV153;Ykeub;;;;;;;;;;;;;x
PROV154;Gimi;;;;;;;;;;;;;x
PROV155;Homú;;;;;;;;;;;;;x
PROV156;Pourswoum;;;;;;;;;;;;;x
PROV157;Bochyúsú;;;;;;;;;;;;;x
PROV158;Thogiwe;;;;;;;;;;;;;x
PROV159;Vooroo;;;;;;;;;;;;;x
PROV160;Chyuthom;;;;;;;;;;;;;x
PROV161;Tovu;;;;;;;;;;;;;x
PROV162;Higu;;;;;;;;;;;;;x
PROV163;Borooth;;;;;;;;;;;;;x
PROV164;Guthoo;;;;;;;;;;;;;x
PROV165;Chyuso;;;;;;;;;;;;;x
PROV166;Rúm;;;;;;;;;;;;;x
PROV167;Bom;;;;;;;;;;;;;x
PROV168;Tosuchyúth;;;;;;;;;;;;;x
PROV169;V́achy;;;;;;;;;;;;;x
PROV170;Yuchyag;;;;;;;;;;;;;x
PROV171;Thoosesú;;;;;;;;;;;;;x
PROV172;Heg;;;;;;;;;;;;;x
PROV173;Wath;;;;;;;;;;;;;x
PROV174;Tuv;;;;;;;;;;;;;x
PROV175;Isig;;;;;;;;;;;;;x
PROV176;Thub;;;;;;;;;;;;;x
PROV177;Isewo;;;;;;;;;;;;;x
PROV178;Sebet;;;;;;;;;;;;;x
PROV179;Tuv́oochy;;;;;;;;;;;;;x
PROV180;Guchyooweth;;;;;;;;;;;;;x
PROV181;Guse;;;;;;;;;;;;;x
PROV182;Yoom;;;;;;;;;;;;;x
PROV183;Drít;;;;;;;;;;;;;x
PROV184;Evat;;;;;;;;;;;;;x
PROV185;V́úvechy;;;;;;;;;;;;;x
PROV186;Hooruth;;;;;;;;;;;;;x
PROV187;Ghech;;;;;;;;;;;;;x
PROV188;V́og;;;;;;;;;;;;;x
PROV189;Nuky;;;;;;;;;;;;;x
PROV190;Mãchrí;;;;;;;;;;;;;x
PROV191;Ríb;;;;;;;;;;;;;x
PROV192;Qipt;;;;;;;;;;;;;x
PROV193;Dhōdmabâ;;;;;;;;;;;;;x
PROV194;Zân;;;;;;;;;;;;;x
PROV195;Nimii;;;;;;;;;;;;;x
PROV196;Fōshdzâb;;;;;;;;;;;;;x
PROV197;Koshu;;;;;;;;;;;;;x
PROV198;Fuumimowush;;;;;;;;;;;;;x
PROV199;Pruundizii;;;;;;;;;;;;;x
PROV200;Jâna;;;;;;;;;;;;;x
PROV201;Bazd;;;;;;;;;;;;;x
PROV202;Gauzhkt;;;;;;;;;;;;;x
PROV203;Hwoun;;;;;;;;;;;;;x
PROV204;Bauchâ;;;;;;;;;;;;;x
PROV205;Vabhin;;;;;;;;;;;;;x
PROV206;Kobâ;;;;;;;;;;;;;x
PROV207;Wiwzhut;;;;;;;;;;;;;x
PROV208;Fiizt;;;;;;;;;;;;;x
PROV209;Nahōg;;;;;;;;;;;;;x
PROV210;Mauchi;;;;;;;;;;;;;x
PROV211;Guwouf;;;;;;;;;;;;;x
PROV212;Gânii;;;;;;;;;;;;;x
PROV213;Mōzhkt;;;;;;;;;;;;;x
PROV214;Pazizhpt;;;;;;;;;;;;;x
PROV215;Dan;;;;;;;;;;;;;x
PROV216;Toom;;;;;;;;;;;;;x
PROV217;Tratá;;;;;;;;;;;;;x
PROV218;R̂ábãt;;;;;;;;;;;;;x
PROV219;Tobuchy;;;;;;;;;;;;;x
PROV220;Kyôr;;;;;;;;;;;;;x
PROV221;Sesi;;;;;;;;;;;;;x
PROV222;Qír;;;;;;;;;;;;;x
PROV223;Kōhō;;;;;;;;;;;;;x
PROV224;Řeemã;;;;;;;;;;;;;x
PROV225;Cheydne;;;;;;;;;;;;;x
PROV226;Gaba;;;;;;;;;;;;;x
PROV227;Fōddōo;;;;;;;;;;;;;x
PROV228;Viizhozha;;;;;;;;;;;;;x
PROV229;Jauzt;;;;;;;;;;;;;x
PROV230;Godhii;;;;;;;;;;;;;x
PROV231;Mōzta;;;;;;;;;;;;;x
PROV232;Zhiizh;;;;;;;;;;;;;x
PROV233;Shâfiik;;;;;;;;;;;;;x
PROV234;Maug;;;;;;;;;;;;;x
PROV235;Zâdt;;;;;;;;;;;;;x
PROV236;Châdii;;;;;;;;;;;;;x
PROV237;Vafshak;;;;;;;;;;;;;x
PROV238;Pobhō;;;;;;;;;;;;;x
PROV239;Jaub;;;;;;;;;;;;;x
PROV240;Nozhō;;;;;;;;;;;;;x
PROV241;Zhōzodzhu;;;;;;;;;;;;;x
PROV242;Gupo;;;;;;;;;;;;;x
PROV243;Faudzzhâzh;;;;;;;;;;;;;x
PROV244;Buk;;;;;;;;;;;;;x
PROV245;Dōk;;;;;;;;;;;;;x
PROV246;Pyighüg;;;;;;;;;;;;;x
PROV247;Bůpůsh;;;;;;;;;;;;;x
PROV248;Zhinit;;;;;;;;;;;;;x
PROV249;Nüwto;;;;;;;;;;;;;x
PROV250;Shogůb;;;;;;;;;;;;;x
PROV251;Châkd;;;;;;;;;;;;;x
PROV252;Fiifâ;;;;;;;;;;;;;x
PROV253;Nozhnō;;;;;;;;;;;;;x
PROV254;Shan;;;;;;;;;;;;;x
PROV255;Dhaug;;;;;;;;;;;;;x
PROV256;Zhōf;;;;;;;;;;;;;x
PROV257;Fiztu;;;;;;;;;;;;;x
PROV258;Vōzht;;;;;;;;;;;;;x
PROV259;Majaud;;;;;;;;;;;;;x
PROV260;Pifshōp;;;;;;;;;;;;;x
PROV261;Kâzd;;;;;;;;;;;;;x
PROV262;Chōmomnii;;;;;;;;;;;;;x
PROV263;Bidâ;;;;;;;;;;;;;x
PROV264;Daumiimât;;;;;;;;;;;;;x
PROV265;Diizhkt;;;;;;;;;;;;;x
PROV266;Mozzii;;;;;;;;;;;;;x
PROV267;Dadu;;;;;;;;;;;;;x
PROV268;Güzh;;;;;;;;;;;;;x
PROV269;Fâdt;;;;;;;;;;;;;x
PROV270;Phůnto;;;;;;;;;;;;;x
PROV271;Dutüzh;;;;;;;;;;;;;x
PROV272;Dodbi;;;;;;;;;;;;;x
PROV273;Ntishat;;;;;;;;;;;;;x
PROV274;Jonu;;;;;;;;;;;;;x
PROV275;Ut;;;;;;;;;;;;;x
PROV276;Vag;;;;;;;;;;;;;x
PROV277;Vōzza;;;;;;;;;;;;;x
PROV278;Gâha;;;;;;;;;;;;;x
PROV279;Pish;;;;;;;;;;;;;x
PROV280;Vadt;;;;;;;;;;;;;x
PROV281;Jozi;;;;;;;;;;;;;x
PROV282;Gōf;;;;;;;;;;;;;x
PROV283;Pwünta;;;;;;;;;;;;;x
PROV284;Dishi;;;;;;;;;;;;;x
PROV285;Ntůbdi;;;;;;;;;;;;;x
PROV286;Anyuntog;;;;;;;;;;;;;x
PROV287;Yür;;;;;;;;;;;;;x
PROV288;Ugh;;;;;;;;;;;;;x
PROV289;Dyopi;;;;;;;;;;;;;x
PROV290;Dapaybů;;;;;;;;;;;;;x
PROV291;Vush;;;;;;;;;;;;;x
PROV292;Shůg;;;;;;;;;;;;;x
PROV293;Napa;;;;;;;;;;;;;x
PROV294;Dütü;;;;;;;;;;;;;x
PROV295;Nushüt;;;;;;;;;;;;;x
PROV296;Jowůph;;;;;;;;;;;;;x
PROV297;Üyi;;;;;;;;;;;;;x
PROV298;Shot;;;;;;;;;;;;;x
PROV299;Twid;;;;;;;;;;;;;x
PROV300;Byavi;;;;;;;;;;;;;x
PROV301;Tůtdov;;;;;;;;;;;;;x
PROV302;Düpa;;;;;;;;;;;;;x
PROV303;Twünazh;;;;;;;;;;;;;x
PROV304;Shiwdův;;;;;;;;;;;;;x
PROV305;Vüʻunwů;;;;;;;;;;;;;x
PROV306;Jogůd;;;;;;;;;;;;;x
PROV307;Gid;;;;;;;;;;;;;x
PROV308;Růbo;;;;;;;;;;;;;x
PROV309;XPotdapob;;;;;;;;;;;;;x
PROV310;Riba;;;;;;;;;;;;;x
PROV311;Irů;;;;;;;;;;;;;x
PROV312;Shinja;;;;;;;;;;;;;x
PROV313;Tůr;;;;;;;;;;;;;x
PROV314;Büphůgi;;;;;;;;;;;;;x
PROV315;Puzhtanyüph;;;;;;;;;;;;;x
PROV316;Zhunti;;;;;;;;;;;;;x
PROV317;Vazhkt;;;;;;;;;;;;;x
PROV318;Adbi;;;;;;;;;;;;;x
PROV319;Bâzhzda;;;;;;;;;;;;;x
PROV320;Dyonjůb;;;;;;;;;;;;;x
PROV321;Bůd;;;;;;;;;;;;;x
PROV322;Châzd;;;;;;;;;;;;;x
PROV323;Bagh;;;;;;;;;;;;;x
PROV324;Nozkhzt;;;;;;;;;;;;;x
PROV325;Gaub;;;;;;;;;;;;;x
PROV326;Zuma;;;;;;;;;;;;;x
PROV327;Zōfk;;;;;;;;;;;;;x
PROV328;Pâm;;;;;;;;;;;;;x
PROV329;Üd;;;;;;;;;;;;;x
PROV330;Pyagh;;;;;;;;;;;;;x
PROV331;Paujie;;;;;;;;;;;;;x
PROV332;Tieke;;;;;;;;;;;;;x
PROV333;Yaswau;;;;;;;;;;;;;x
PROV334;Siekakhhz;;;;;;;;;;;;;x
PROV335;Samou;;;;;;;;;;;;;x
PROV336;Ḿouwhous;;;;;;;;;;;;;x
PROV337;Emau;;;;;;;;;;;;;x
PROV338;Yaumieḿ;;;;;;;;;;;;;x
PROV339;Ḿamousz;;;;;;;;;;;;;x
PROV340;Ḿojau;;;;;;;;;;;;;x
PROV341;Soujep;;;;;;;;;;;;;x
PROV342;Bog;;;;;;;;;;;;;x
PROV343;Pouzzom;;;;;;;;;;;;;x
PROV344;Siekakhhz;;;;;;;;;;;;;x
PROV345;Mojem;;;;;;;;;;;;;x
PROV346;Tauswopz;;;;;;;;;;;;;x
PROV347;Zakaugau;;;;;;;;;;;;;x
PROV348;Yemie;;;;;;;;;;;;;x
PROV349;Gagauzzie;;;;;;;;;;;;;x
PROV350;Taukoukokhh;;;;;;;;;;;;;x
PROV351;Taumakhhz;;;;;;;;;;;;;x
PROV352;Yos;;;;;;;;;;;;;x
PROV353;Tauswa;;;;;;;;;;;;;x
PROV354;Mogie;;;;;;;;;;;;;x
PROV355;Gawhoume;;;;;;;;;;;;;x
PROV356;Zauge;;;;;;;;;;;;;x
PROV357;Tao;;;;;;;;;;;;;x
PROV358;Sauswauy;;;;;;;;;;;;;x
PROV359;Mekag;;;;;;;;;;;;;x
PROV360;Ḿiekie;;;;;;;;;;;;;x
PROV361;Youndz;;;;;;;;;;;;;x
PROV362;Mauzzaḿ;;;;;;;;;;;;;x
PROV363;Mokesz;;;;;;;;;;;;;x
PROV364;Michyob;;;;;;;;;;;;;x
PROV365;Akas;;;;;;;;;;;;;x
PROV366;Ḿaumondz;;;;;;;;;;;;;x
PROV367;Teswauswa;;;;;;;;;;;;;x
PROV368;Paukap;;;;;;;;;;;;;x
PROV369;Ieswa;;;;;;;;;;;;;x
PROV370;Tim;;;;;;;;;;;;;x
PROV371;Thihú;;;;;;;;;;;;;x
PROV372;Túv́umo;;;;;;;;;;;;;x
PROV373;V́úsu;;;;;;;;;;;;;x
PROV374;Isoobo;;;;;;;;;;;;;x
PROV375;Thusoothi;;;;;;;;;;;;;x
PROV376;Húsut;;;;;;;;;;;;;x
PROV377;Fom;;;;;;;;;;;;;x
PROV378;Moseth;;;;;;;;;;;;;x
PROV379;Fúv́oo;;;;;;;;;;;;;x
PROV380;Hoth;;;;;;;;;;;;;x
PROV381;V́esi;;;;;;;;;;;;;x
PROV382;Chyúv́e;;;;;;;;;;;;;x
PROV383;Túfasú;;;;;;;;;;;;;x
PROV384;Yeho;;;;;;;;;;;;;x
PROV385;Ov́u;;;;;;;;;;;;;x
PROV386;Voowot;;;;;;;;;;;;;x
PROV387;Som;;;;;;;;;;;;;x
PROV388;Vauf;;;;;;;;;;;;;x
PROV389;Chopt;;;;;;;;;;;;;x
PROV390;Shaub;;;;;;;;;;;;;x
PROV391;Dâg;;;;;;;;;;;;;x
PROV392;Jadzho;;;;;;;;;;;;;x
PROV393;Dhaunâ;;;;;;;;;;;;;x
PROV394;Mapt;;;;;;;;;;;;;x
PROV395;Muv;;;;;;;;;;;;;x
PROV396;Vivâk;;;;;;;;;;;;;x
PROV397;Spohni;;;;;;;;;;;;;x
PROV398;Chyogúm;;;;;;;;;;;;;x
PROV399;Vebog;;;;;;;;;;;;;x
PROV400;Rut;;;;;;;;;;;;;x
PROV401;Femooru;;;;;;;;;;;;;x
PROV402;Oboovu;;;;;;;;;;;;;x
PROV403;Gev́oo;;;;;;;;;;;;;x
PROV404;Soga;;;;;;;;;;;;;x
PROV405;Gigig;;;;;;;;;;;;;x
PROV406;Dhedùhd;;;;;;;;;;;;;x
PROV407;Tihe;;;;;;;;;;;;;x
PROV408;Odi;;;;;;;;;;;;;x
PROV409;Thuhehd;;;;;;;;;;;;;x
PROV410;Dhudi;;;;;;;;;;;;;x
PROV411;Oghu;;;;;;;;;;;;;x
PROV412;Spùmi;;;;;;;;;;;;;x
PROV413;Pehnihnì;;;;;;;;;;;;;x
PROV414;Tehehd;;;;;;;;;;;;;x
PROV415;Spùthet;;;;;;;;;;;;;x
PROV416;Dhùhmetheh;;;;;;;;;;;;;x
PROV417;Yiewha;;;;;;;;;;;;;x
PROV418;Mewho;;;;;;;;;;;;;x
PROV419;Pakakou;;;;;;;;;;;;;x
PROV420;Pakousz;;;;;;;;;;;;;x
PROV421;Pauswap;;;;;;;;;;;;;x
PROV422;Mauzzokhh;;;;;;;;;;;;;x
PROV423;Mieswiet;;;;;;;;;;;;;x
PROV424;Taswesz;;;;;;;;;;;;;x
PROV425;Moukiekhhz;;;;;;;;;;;;;x
PROV426;Mauie;;;;;;;;;;;;;x
PROV427;Maumausz;;;;;;;;;;;;;x
PROV428;Giemiejie;;;;;;;;;;;;;x
PROV429;Maugasz;;;;;;;;;;;;;x
PROV430;Pouga;;;;;;;;;;;;;x
PROV431;Yaukat;;;;;;;;;;;;;x
PROV432;Tauje;;;;;;;;;;;;;x
PROV433;Samau;;;;;;;;;;;;;x
PROV434;Sauko;;;;;;;;;;;;;x
PROV435;Memaus;;;;;;;;;;;;;x
PROV436;Mozzasz;;;;;;;;;;;;;x
PROV437;Egauḿ;;;;;;;;;;;;;x
PROV438;Majoume;;;;;;;;;;;;;x
PROV439;Aka;;;;;;;;;;;;;x
PROV440;Youswaka;;;;;;;;;;;;;x
PROV441;Mouswendz;;;;;;;;;;;;;x
PROV442;Tamiewhou;;;;;;;;;;;;;x
PROV443;Yajou;;;;;;;;;;;;;x
PROV444;Gauy;;;;;;;;;;;;;x
PROV445;Okieg;;;;;;;;;;;;;x
PROV446;Saujowhau;;;;;;;;;;;;;x
PROV447;Miejie;;;;;;;;;;;;;x
PROV448;Yegou;;;;;;;;;;;;;x
PROV449;Maumie;;;;;;;;;;;;;x
PROV450;Tegou;;;;;;;;;;;;;x
PROV451;Ḿaus;;;;;;;;;;;;;x
PROV452;Ziewho;;;;;;;;;;;;;x
PROV453;Pougauzzoundz;;;;;;;;;;;;;x
PROV454;Maukouwha;;;;;;;;;;;;;x
PROV455;Sous;;;;;;;;;;;;;x
PROV456;Zaukhh;;;;;;;;;;;;;x
PROV457;Giekepz;;;;;;;;;;;;;x
PROV458;Yamiesz;;;;;;;;;;;;;x
PROV459;Ḿiewhau;;;;;;;;;;;;;x
PROV460;Goswoumiesz;;;;;;;;;;;;;x
PROV461;Mejesz;;;;;;;;;;;;;x
PROV462;Maugou;;;;;;;;;;;;;x
PROV463;Gouie;;;;;;;;;;;;;x
PROV464;Agouzzot;;;;;;;;;;;;;x
PROV465;Tiejou;;;;;;;;;;;;;x
PROV466;Yakau;;;;;;;;;;;;;x
PROV467;Tuikue;;;;;;;;;;;;;x
PROV468;Tekagau;;;;;;;;;;;;;x
PROV469;Goukaupz;;;;;;;;;;;;;x
PROV470;Mougauzzapz;;;;;;;;;;;;;x
PROV471;Tawhakhhz;;;;;;;;;;;;;x
PROV472;Tuoyi;;;;;;;;;;;;;x
PROV473;Okueb;;;;;;;;;;;;;x
PROV474;Tarub;;;;;;;;;;;;;x
PROV475;Yauzzandz;;;;;;;;;;;;;x
PROV476;Pezzau;;;;;;;;;;;;;x
PROV477;Goukhh;;;;;;;;;;;;;x
PROV478;Dimichyhi;;;;;;;;;;;;;x
PROV479;Youm;;;;;;;;;;;;;x
PROV480;Souzzo;;;;;;;;;;;;;x
PROV481;Paugo;;;;;;;;;;;;;x
PROV482;Hueu;;;;;;;;;;;;;x
PROV483;Aue;;;;;;;;;;;;;x
PROV484;Ḿieswe;;;;;;;;;;;;;x
PROV485;Mazzasz;;;;;;;;;;;;;x
PROV486;Duobam;;;;;;;;;;;;;x
PROV487;Oauzd;;;;;;;;;;;;;x
PROV488;Fiizhpt;;;;;;;;;;;;;x
PROV489;Dapt;;;;;;;;;;;;;x
PROV490;Chush;;;;;;;;;;;;;x
PROV491;Dhikftaut;;;;;;;;;;;;;x
PROV492;Vofaumiik;;;;;;;;;;;;;x
PROV493;Miizâ;;;;;;;;;;;;;x
PROV494;Jōbi;;;;;;;;;;;;;x
PROV495;Vikd;;;;;;;;;;;;;x
PROV496;Gaufii;;;;;;;;;;;;;x
PROV497;Âzzidii;;;;;;;;;;;;;x
PROV498;Nozh;;;;;;;;;;;;;x
PROV499;Paupii;;;;;;;;;;;;;x
PROV500;Mōfa;;;;;;;;;;;;;x
PROV501;Dhov;;;;;;;;;;;;;x
PROV502;Nop;;;;;;;;;;;;;x
PROV503;Zhiiziin;;;;;;;;;;;;;x
PROV504;Dhâb;;;;;;;;;;;;;x
PROV505;Shovii;;;;;;;;;;;;;x
PROV506;Chamnak;;;;;;;;;;;;;x
PROV507;Dobâ;;;;;;;;;;;;;x
PROV508;Zakd;;;;;;;;;;;;;x
PROV509;Kidau;;;;;;;;;;;;;x
PROV510;Diidt;;;;;;;;;;;;;x
PROV511;Zhufshmō;;;;;;;;;;;;;x
PROV512;Duhâk;;;;;;;;;;;;;x
PROV513;Kodii;;;;;;;;;;;;;x
PROV514;Gizhōk;;;;;;;;;;;;;x
PROV515;Kashfta;;;;;;;;;;;;;x
PROV516;Miish;;;;;;;;;;;;;x
PROV517;Pauk;;;;;;;;;;;;;x
PROV518;Jug;;;;;;;;;;;;;x
PROV519;Gaufk;;;;;;;;;;;;;x
PROV520;Vabōzt;;;;;;;;;;;;;x
PROV521;Zhâftâzht;;;;;;;;;;;;;x
PROV522;Nōzht;;;;;;;;;;;;;x
PROV523;Mâchâv;;;;;;;;;;;;;x
PROV524;Kâjit;;;;;;;;;;;;;x
PROV525;Piidho;;;;;;;;;;;;;x
PROV526;Shōz;;;;;;;;;;;;;x
PROV527;Nizh;;;;;;;;;;;;;x
PROV528;Pihâp;;;;;;;;;;;;;x
PROV529;Viidzzhiibhii;;;;;;;;;;;;;x
PROV530;Zhaztiishftaum;;;;;;;;;;;;;x
PROV531;Pamnâ;;;;;;;;;;;;;x
PROV532;Fōdt;;;;;;;;;;;;;x
PROV533;Pâshdzii;;;;;;;;;;;;;x
PROV534;Bâzofk;;;;;;;;;;;;;x
PROV535;Dâfshi;;;;;;;;;;;;;x
PROV536;Paud;;;;;;;;;;;;;x
PROV537;Fafta;;;;;;;;;;;;;x
PROV538;Shaumii;;;;;;;;;;;;;x
PROV539;Jafōbazd;;;;;;;;;;;;;x
PROV540;Shiizu;;;;;;;;;;;;;x
PROV541;Vakftog;;;;;;;;;;;;;x
PROV542;Kumâ;;;;;;;;;;;;;x
PROV543;Bafti;;;;;;;;;;;;;x
PROV544;Shōb;;;;;;;;;;;;;x
PROV545;Bâchii;;;;;;;;;;;;;x
PROV546;Shodhii;;;;;;;;;;;;;x
PROV547;Zōf;;;;;;;;;;;;;x
PROV548;Isha;;;;;;;;;;;;;x
PROV549;Jiim;;;;;;;;;;;;;x
PROV550;Zhiâ;;;;;;;;;;;;;x
PROV551;Nâzht;;;;;;;;;;;;;x
PROV552;Zân;;;;;;;;;;;;;x
PROV553;Bōdt;;;;;;;;;;;;;x
PROV554;Fiikd;;;;;;;;;;;;;x
PROV555;Nabau;;;;;;;;;;;;;x
PROV556;Miidag;;;;;;;;;;;;;x
PROV557;Gâdzzhat;;;;;;;;;;;;;x
PROV558;Padâ;;;;;;;;;;;;;x
PROV559;Âfshmi;;;;;;;;;;;;;x
PROV560;Nazhpt;;;;;;;;;;;;;x
PROV561;Pozd;;;;;;;;;;;;;x
PROV562;Mōbhi;;;;;;;;;;;;;x
PROV563;Zudshōfk;;;;;;;;;;;;;x
PROV564;Nop;;;;;;;;;;;;;x
PROV565;Pōp;;;;;;;;;;;;;x
PROV566;Duftōjō;;;;;;;;;;;;;x
PROV567;Pofshmajazhkt;;;;;;;;;;;;;x
PROV568;Shiip;;;;;;;;;;;;;x
PROV569;Fiivid;;;;;;;;;;;;;x
PROV570;Moft;;;;;;;;;;;;;x
PROV571;Vaukd;;;;;;;;;;;;;x
PROV572;Spuhnu;;;;;;;;;;;;;x
PROV573;Thrómy;;;;;;;;;;;;;x
PROV574;Nomnaudmhâ;;;;;;;;;;;;;x
PROV575;Dhâzō;;;;;;;;;;;;;x
PROV576;Tifeth;;;;;;;;;;;;;x
PROV577;Vogechy;;;;;;;;;;;;;x
PROV578;Eynóthed;;;;;;;;;;;;;x
PROV579;Tohe;;;;;;;;;;;;;x
PROV580;Thúrug;;;;;;;;;;;;;x
PROV581;Zom;;;;;;;;;;;;;x
PROV582;Pâkd;;;;;;;;;;;;;x
PROV583;Zid;;;;;;;;;;;;;x
PROV584;Shâdzzhâ;;;;;;;;;;;;;x
PROV585;Mâfa;;;;;;;;;;;;;x
PROV586;Pauft;;;;;;;;;;;;;x
PROV587;Kubhau;;;;;;;;;;;;;x
PROV588;Vofâg;;;;;;;;;;;;;x
PROV589;Niidzzhudship;;;;;;;;;;;;;x
PROV590;Bōdōzhpt;;;;;;;;;;;;;x
PROV591;Viipt;;;;;;;;;;;;;x
PROV592;Gadmaushftu;;;;;;;;;;;;;x
PROV593;Jizd;;;;;;;;;;;;;x
PROV594;Vovauzht;;;;;;;;;;;;;x
PROV595;Kōmâ;;;;;;;;;;;;;x
PROV596;Jajau;;;;;;;;;;;;;x
PROV597;Giftōzpt;;;;;;;;;;;;;x
PROV598;Diish;;;;;;;;;;;;;x
PROV599;Mōchi;;;;;;;;;;;;;x
PROV600;Nâdshau;;;;;;;;;;;;;x
PROV601;Fâkd;;;;;;;;;;;;;x
PROV602;Châftok;;;;;;;;;;;;;x
PROV603;Gaug;;;;;;;;;;;;;x
PROV604;Mōfk;;;;;;;;;;;;;x
PROV605;Fâzt;;;;;;;;;;;;;x
PROV606;Daudhi;;;;;;;;;;;;;x
PROV607;Bauztât;;;;;;;;;;;;;x
PROV608;Dhukftōd;;;;;;;;;;;;;x
PROV609;Jaum;;;;;;;;;;;;;x
PROV610;Bâzpt;;;;;;;;;;;;;x
PROV611;Midod;;;;;;;;;;;;;x
PROV612;Miin;;;;;;;;;;;;;x
PROV613;Shit;;;;;;;;;;;;;x
PROV614;Shizhōdzzhof;;;;;;;;;;;;;x
PROV615;Dazhpt;;;;;;;;;;;;;x
PROV616;Zog;;;;;;;;;;;;;x
PROV617;Dōsh;;;;;;;;;;;;;x
PROV618;Baftik;;;;;;;;;;;;;x
PROV619;Dauzhzdâchaubt;;;;;;;;;;;;;x
PROV620;Bid;;;;;;;;;;;;;x
PROV621;Bōdhâ;;;;;;;;;;;;;x
PROV622;Mōdhâg;;;;;;;;;;;;;x
PROV623;Vaufo;;;;;;;;;;;;;x
PROV624;Nift;;;;;;;;;;;;;x
PROV625;Mazt;;;;;;;;;;;;;x
PROV626;Viimi;;;;;;;;;;;;;x
PROV627;Nauna;;;;;;;;;;;;;x
PROV628;Jaudt;;;;;;;;;;;;;x
PROV629;Puz;;;;;;;;;;;;;x
PROV630;Chushō;;;;;;;;;;;;;x
PROV631;Modijov;;;;;;;;;;;;;x
PROV632;Sphuhmid;;;;;;;;;;;;;x
PROV633;Sohi;;;;;;;;;;;;;x
PROV634;Hehuoh;;;;;;;;;;;;;x
PROV635;Kubue;;;;;;;;;;;;;x
PROV636;Oshu;;;;;;;;;;;;;x
PROV637;Duihuo;;;;;;;;;;;;;x
PROV638;Kōftiig;;;;;;;;;;;;;x
PROV639;Nomiin;;;;;;;;;;;;;x
PROV640;Kuamue;;;;;;;;;;;;;x
PROV641;Kuhuog;;;;;;;;;;;;;x
PROV642;Toshi;;;;;;;;;;;;;x
PROV643;Hibosho;;;;;;;;;;;;;x
PROV644;Tuakuom;;;;;;;;;;;;;x
PROV645;Fumua;;;;;;;;;;;;;x
PROV646;Nōkd;;;;;;;;;;;;;x
PROV647;Daha;;;;;;;;;;;;;x
PROV648;Dhiizt;;;;;;;;;;;;;x
PROV649;Bupo;;;;;;;;;;;;;x
PROV650;Faum;;;;;;;;;;;;;x
PROV651;Bâmabok;;;;;;;;;;;;;x
PROV652;Faushush;;;;;;;;;;;;;x
PROV653;Pavâ;;;;;;;;;;;;;x
PROV654;Mōzhkt;;;;;;;;;;;;;x
PROV655;Shafâg;;;;;;;;;;;;;x
PROV656;Diifshmâdt;;;;;;;;;;;;;x
PROV657;Pipt;;;;;;;;;;;;;x
PROV658;Dhokfti;;;;;;;;;;;;;x
PROV659;Shazâv;;;;;;;;;;;;;x
PROV660;Dhibausha;;;;;;;;;;;;;x
PROV661;Mov;;;;;;;;;;;;;x
PROV662;Vâzh;;;;;;;;;;;;;x
PROV663;Zikftōzpt;;;;;;;;;;;;;x
PROV664;Vōdt;;;;;;;;;;;;;x
PROV665;Fuke;;;;;;;;;;;;;x
PROV666;Mâzhōdi;;;;;;;;;;;;;x
PROV667;Guzhazh;;;;;;;;;;;;;x
PROV668;Kadaut;;;;;;;;;;;;;x
PROV669;Zhachufshoft;;;;;;;;;;;;;x
PROV670;Kuochyheh;;;;;;;;;;;;;x
PROV671;Zhōbi;;;;;;;;;;;;;x
PROV672;Fâzza;;;;;;;;;;;;;x
PROV673;Kufshō;;;;;;;;;;;;;x
PROV674;Châztozhnō;;;;;;;;;;;;;x
PROV675;Iiva;;;;;;;;;;;;;x
PROV676;Kav;;;;;;;;;;;;;x
PROV677;Mōshdzâda;;;;;;;;;;;;;x
PROV678;Shaup;;;;;;;;;;;;;x
PROV679;Vâji;;;;;;;;;;;;;x
PROV680;Kuikig;;;;;;;;;;;;;x
PROV681;Tevu;;;;;;;;;;;;;x
PROV682;Duguivuab;;;;;;;;;;;;;x
PROV683;Fōhuz;;;;;;;;;;;;;x
PROV684;Choz;;;;;;;;;;;;;x
PROV685;Gōfk;;;;;;;;;;;;;x
PROV686;Fiik;;;;;;;;;;;;;x
PROV687;Dodzhof;;;;;;;;;;;;;x
PROV688;Zhânik;;;;;;;;;;;;;x
PROV689;Dōfâ;;;;;;;;;;;;;x
PROV690;Mit;;;;;;;;;;;;;x
PROV691;Monâ;;;;;;;;;;;;;x
PROV692;Pizto;;;;;;;;;;;;;x
PROV693;Pohmith;;;;;;;;;;;;;x
PROV694;Thumu;;;;;;;;;;;;;x
PROV695;Haho;;;;;;;;;;;;;x
PROV696;Tìhnù;;;;;;;;;;;;;x
PROV697;Sphùhmehmet;;;;;;;;;;;;;x
PROV698;Thùmet;;;;;;;;;;;;;x
PROV699;Bigueg;;;;;;;;;;;;;x
PROV700;Dhìthùd;;;;;;;;;;;;;x
PROV701;Dukua;;;;;;;;;;;;;x
PROV702;Sphihmì;;;;;;;;;;;;;x
PROV703;Pumuhrt;;;;;;;;;;;;;x
PROV704;Kibuim;;;;;;;;;;;;;x
PROV705;Sutho;;;;;;;;;;;;;x
PROV706;Thùìme;;;;;;;;;;;;;x
PROV707;Tuhmu;;;;;;;;;;;;;x
PROV708;Pùhnoh;;;;;;;;;;;;;x
PROV709;Spìghudot;;;;;;;;;;;;;x
PROV710;Suhùhd;;;;;;;;;;;;;x
PROV711;Dhode;;;;;;;;;;;;;x
PROV712;Sphùghu;;;;;;;;;;;;;x
PROV713;Dhehnohrt;;;;;;;;;;;;;x
PROV714;Thìthumohrt;;;;;;;;;;;;;x
PROV715;Sidùhneht;;;;;;;;;;;;;x
PROV716;Spìmu;;;;;;;;;;;;;x
PROV717;Gogu;;;;;;;;;;;;;x
PROV718;Vuthoo;;;;;;;;;;;;;x
PROV719;Gasog;;;;;;;;;;;;;x
PROV720;Spuhneh;;;;;;;;;;;;;x
PROV721;Ethù;;;;;;;;;;;;;x
PROV722;Tìhoht;;;;;;;;;;;;;x
PROV723;Pehmuth;;;;;;;;;;;;;x
PROV724;Sighi;;;;;;;;;;;;;x
PROV725;Sehnùht;;;;;;;;;;;;;x
PROV726;Sphùthuhmeh;;;;;;;;;;;;;x
PROV727;Dhohnut;;;;;;;;;;;;;x
PROV728;Dhohetho;;;;;;;;;;;;;x
PROV729;Ehme;;;;;;;;;;;;;x
PROV730;Thìhmeh;;;;;;;;;;;;;x
PROV731;Sphighet;;;;;;;;;;;;;x
PROV732;Spìghud;;;;;;;;;;;;;x
PROV733;Tide;;;;;;;;;;;;;x
PROV734;Sithehd;;;;;;;;;;;;;x
PROV735;Thughùhe;;;;;;;;;;;;;x
PROV736;Sohno;;;;;;;;;;;;;x
PROV737;Sothu;;;;;;;;;;;;;x
PROV738;Tughi;;;;;;;;;;;;;x
PROV739;Sodihmo;;;;;;;;;;;;;x
PROV740;Jopht;;;;;;;;;;;;;x
PROV741;Vûtta;;;;;;;;;;;;;x
PROV742;Omed;;;;;;;;;;;;;x
PROV743;Sphehù;;;;;;;;;;;;;x
PROV744;Ùghuhd;;;;;;;;;;;;;x
PROV745;Thihnùhd;;;;;;;;;;;;;x
PROV746;Ǵênnu;;;;;;;;;;;;;x
PROV747;Pougou;;;;;;;;;;;;;x
PROV748;Thìhuhd;;;;;;;;;;;;;x
PROV749;Youja;;;;;;;;;;;;;x
PROV750;Yau;;;;;;;;;;;;;x
PROV751;Boheg;;;;;;;;;;;;;x
PROV752;Goume;;;;;;;;;;;;;x
PROV753;Youndz;;;;;;;;;;;;;x
PROV754;Saswat;;;;;;;;;;;;;x
PROV755;Zout;;;;;;;;;;;;;x
PROV756;Sphiheht;;;;;;;;;;;;;x
PROV757;Ngôǵô;;;;;;;;;;;;;x
PROV758;Thuhohd;;;;;;;;;;;;;x
PROV759;Dhughehrt;;;;;;;;;;;;;x
PROV760;Spehmohrt;;;;;;;;;;;;;x
PROV761;Thùmo;;;;;;;;;;;;;x
PROV762;Dhìhi;;;;;;;;;;;;;x
PROV763;Tehmohrt;;;;;;;;;;;;;x
PROV764;Dêth;;;;;;;;;;;;;x
PROV765;Spìghehd;;;;;;;;;;;;;x
PROV766;Vôpht;;;;;;;;;;;;;x
PROV767;Puttûgh;;;;;;;;;;;;;x
PROV768;Huchyheh;;;;;;;;;;;;;x
PROV769;Viik;;;;;;;;;;;;;x
PROV770;Hishuah;;;;;;;;;;;;;x
PROV771;Paushum;;;;;;;;;;;;;x
PROV772;Mōnu;;;;;;;;;;;;;x
PROV773;Fiizt;;;;;;;;;;;;;x
PROV774;Kiifō;;;;;;;;;;;;;x
PROV775;Burug;;;;;;;;;;;;;x
PROV776;Fayig;;;;;;;;;;;;;x
PROV777;Podt;;;;;;;;;;;;;x
PROV778;Tuomew;;;;;;;;;;;;;x
PROV779;Tuiyih;;;;;;;;;;;;;x
PROV780;Huyig;;;;;;;;;;;;;x
PROV781;Boyab;;;;;;;;;;;;;x
PROV782;Vōjo;;;;;;;;;;;;;x
PROV783;Chip;;;;;;;;;;;;;x
PROV784;Zaushâpt;;;;;;;;;;;;;x
PROV785;Naubt;;;;;;;;;;;;;x
PROV786;Shazhfiina;;;;;;;;;;;;;x
PROV787;Dâzhpt;;;;;;;;;;;;;x
PROV788;Teshue;;;;;;;;;;;;;x
PROV789;Gunâ;;;;;;;;;;;;;x
PROV790;Foshftâk;;;;;;;;;;;;;x
PROV791;Biip;;;;;;;;;;;;;x
PROV792;Pazhâdzho;;;;;;;;;;;;;x
PROV793;Shaft;;;;;;;;;;;;;x
PROV794;Bōfshmi;;;;;;;;;;;;;x
PROV795;Bōzh;;;;;;;;;;;;;x
PROV796;Chadzha;;;;;;;;;;;;;x
PROV797;Hoyim;;;;;;;;;;;;;x
PROV798;Kukue;;;;;;;;;;;;;x
PROV799;Bichyhog;;;;;;;;;;;;;x
PROV800;Buebuo;;;;;;;;;;;;;x
PROV801;Tuthìth;;;;;;;;;;;;;x
PROV802;Bashome;;;;;;;;;;;;;x
PROV803;Buoga;;;;;;;;;;;;;x
PROV804;Dueshuabuo;;;;;;;;;;;;;x
PROV805;Keki;;;;;;;;;;;;;x
PROV806;Ihue;;;;;;;;;;;;;x
PROV807;Diguige;;;;;;;;;;;;;x
PROV808;Tuivu;;;;;;;;;;;;;x
PROV809;Kushog;;;;;;;;;;;;;x
PROV810;Kukui;;;;;;;;;;;;;x
PROV811;Bichui;;;;;;;;;;;;;x
PROV812;Tuoshivaw;;;;;;;;;;;;;x
PROV813;Fahua;;;;;;;;;;;;;x
PROV814;Korueb;;;;;;;;;;;;;x
PROV815;Buya;;;;;;;;;;;;;x
PROV816;Tashom;;;;;;;;;;;;;x
PROV817;Fuaki;;;;;;;;;;;;;x
PROV818;Kuege;;;;;;;;;;;;;x
PROV819;Huvui;;;;;;;;;;;;;x
PROV820;Bere;;;;;;;;;;;;;x
PROV821;Timuo;;;;;;;;;;;;;x
PROV822;Hueyow;;;;;;;;;;;;;x
PROV823;Thùmoht;;;;;;;;;;;;;x
PROV824;Soghihmùhrt;;;;;;;;;;;;;x
PROV825;Duoko;;;;;;;;;;;;;x
PROV826;Kavoshi;;;;;;;;;;;;;x
PROV827;Keuoh;;;;;;;;;;;;;x
PROV828;Divuamaw;;;;;;;;;;;;;x
PROV829;Bukamo;;;;;;;;;;;;;x
PROV830;Thuhned;;;;;;;;;;;;;x
PROV831;Spomo;;;;;;;;;;;;;x
PROV832;Udê;;;;;;;;;;;;;x
PROV833;Ngûny;;;;;;;;;;;;;x
PROV834;Negedû;;;;;;;;;;;;;x
PROV835;Yugoŕ;;;;;;;;;;;;;x
PROV836;Kuoshuab;;;;;;;;;;;;;x
PROV837;Jogû;;;;;;;;;;;;;x
PROV838;Pâbâ;;;;;;;;;;;;;x
PROV839;Âvâfrt;;;;;;;;;;;;;x
PROV840;Ŕâhû;;;;;;;;;;;;;x
PROV841;Thuhnoth;;;;;;;;;;;;;x
PROV842;Pùthih;;;;;;;;;;;;;x
PROV843;Spihne;;;;;;;;;;;;;x
PROV844;Tohot;;;;;;;;;;;;;x
PROV845;Sutheht;;;;;;;;;;;;;x
PROV846;Spùthì;;;;;;;;;;;;;x
PROV847;Dâv;;;;;;;;;;;;;x
PROV848;Bâdâth;;;;;;;;;;;;;x
PROV849;Hôvap;;;;;;;;;;;;;x
PROV850;Ǵêdâv;;;;;;;;;;;;;x
PROV851;Nôbo;;;;;;;;;;;;;x
PROV852;Ônnu;;;;;;;;;;;;;x
PROV853;Yujâ;;;;;;;;;;;;;x
PROV854;Nohêpht;;;;;;;;;;;;;x
PROV855;Duny;;;;;;;;;;;;;x
PROV856;Ngâdafrt;;;;;;;;;;;;;x
PROV857;Tihi;;;;;;;;;;;;;x
PROV858;Ǵud;;;;;;;;;;;;;x
PROV859;Uǵê;;;;;;;;;;;;;x
PROV860;Ǵuŕ;;;;;;;;;;;;;x
PROV861;Peth;;;;;;;;;;;;;x
PROV862;Ngôjabê;;;;;;;;;;;;;x
PROV863;Yôb;;;;;;;;;;;;;x
PROV864;Yûnnê;;;;;;;;;;;;;x
PROV865;Yunnofrt;;;;;;;;;;;;;x
PROV866;Nohô;;;;;;;;;;;;;x
PROV867;Hunnêǵ;;;;;;;;;;;;;x
PROV868;Ûd;;;;;;;;;;;;;x
PROV869;Pâttuĝ;;;;;;;;;;;;;x
PROV870;Ngov;;;;;;;;;;;;;x
PROV871;Bath;;;;;;;;;;;;;x
PROV872;Uni;;;;;;;;;;;;;x
PROV873;Beǵâ;;;;;;;;;;;;;x
PROV874;Dannâǵo;;;;;;;;;;;;;x
PROV875;Nûhep;;;;;;;;;;;;;x
PROV876;Nâdâgh;;;;;;;;;;;;;x
PROV877;Ǵony;;;;;;;;;;;;;x
PROV878;Ettû;;;;;;;;;;;;;x
PROV879;Vepht;;;;;;;;;;;;;x
PROV880;Ngôǵ;;;;;;;;;;;;;x
PROV881;Ǵûdd́ûgh;;;;;;;;;;;;;x
PROV882;Ŕônnugh;;;;;;;;;;;;;x
PROV883;Ǵuʻôfrt;;;;;;;;;;;;;x
PROV884;Âdunnô;;;;;;;;;;;;;x
PROV885;Juhû;;;;;;;;;;;;;x
PROV886;Ŕâǵuĝ;;;;;;;;;;;;;x
PROV887;Ŕubû;;;;;;;;;;;;;x
PROV888;Tìmo;;;;;;;;;;;;;x
PROV889;Yê;;;;;;;;;;;;;x
PROV890;Dodar̂;;;;;;;;;;;;;x
PROV891;Hugê;;;;;;;;;;;;;x
PROV892;Hub;;;;;;;;;;;;;x
PROV893;Thithùh;;;;;;;;;;;;;x
PROV894;Yêtta;;;;;;;;;;;;;x
PROV895;Hôp;;;;;;;;;;;;;x
PROV896;Nehênnê;;;;;;;;;;;;;x
PROV897;Ŕâder̂;;;;;;;;;;;;;x
PROV898;Yêʻuvuth;;;;;;;;;;;;;x
PROV899;Ŕattugh;;;;;;;;;;;;;x
PROV900;Ŕâǵ;;;;;;;;;;;;;x
PROV901;Dûǵâ;;;;;;;;;;;;;x
PROV902;Bêr̂;;;;;;;;;;;;;x
PROV903;Moujouje;;;;;;;;;;;;;x
PROV904;Ǵoʻêr;;;;;;;;;;;;;x
PROV905;Seḿ;;;;;;;;;;;;;x
PROV906;Attôǵ;;;;;;;;;;;;;x
PROV907;Jogâ;;;;;;;;;;;;;x
PROV908;Pegam;;;;;;;;;;;;;x
PROV909;Siewhapz;;;;;;;;;;;;;x
PROV910;Iekou;;;;;;;;;;;;;x
PROV911;Yejaum;;;;;;;;;;;;;x
PROV912;Kikihub;;;;;;;;;;;;;x
PROV913;Huige;;;;;;;;;;;;;x
PROV914;Hame;;;;;;;;;;;;;x
PROV915;Kekui;;;;;;;;;;;;;x
PROV916;Ouga;;;;;;;;;;;;;x
PROV917;Zouswou;;;;;;;;;;;;;x
PROV918;Wousz;;;;;;;;;;;;;x
PROV919;Suxam;;;;;;;;;;;;;x
PROV920;Xaeve;;;;;;;;;;;;;x
PROV921;Naekiarechk;;;;;;;;;;;;;x
PROV922;Xian;;;;;;;;;;;;;x
PROV923;Xaexachk;;;;;;;;;;;;;x
PROV924;Raemiab;;;;;;;;;;;;;x
PROV925;Mukou;;;;;;;;;;;;;x
PROV926;Rouxaem;;;;;;;;;;;;;x
PROV927;Bukochk;;;;;;;;;;;;;x
PROV928;Nokixiochk;;;;;;;;;;;;;x
PROV929;Sobio;;;;;;;;;;;;;x
PROV930;Tiotu;;;;;;;;;;;;;x
PROV931;Saep;;;;;;;;;;;;;x
PROV932;Tatou;;;;;;;;;;;;;x
PROV933;Saema;;;;;;;;;;;;;x
PROV934;Xamun;;;;;;;;;;;;;x
PROV935;Xasa;;;;;;;;;;;;;x
PROV936;Rouxu;;;;;;;;;;;;;x
PROV937;Rorichk;;;;;;;;;;;;;x
PROV938;Mouxu;;;;;;;;;;;;;x
PROV939;Iar;;;;;;;;;;;;;x
PROV940;Haumhu;;;;;;;;;;;;;x
PROV941;Noub;;;;;;;;;;;;;x
PROV942;Vuppia;;;;;;;;;;;;;x
PROV943;Emaema;;;;;;;;;;;;;x
PROV944;Tabia;;;;;;;;;;;;;x
PROV945;Marou;;;;;;;;;;;;;x
PROV946;Nion;;;;;;;;;;;;;x
PROV947;Fómóg;;;;;;;;;;;;;x
PROV948;Ghuigo;;;;;;;;;;;;;x
PROV949;Bhaju;;;;;;;;;;;;;x
PROV950;Ghoiuh;;;;;;;;;;;;;x
PROV951;Mhaucha;;;;;;;;;;;;;x
PROV952;Mhaukh;;;;;;;;;;;;;x
PROV953;Mhoiugig;;;;;;;;;;;;;x
PROV954;Bhoiubhe;;;;;;;;;;;;;x
PROV955;Chandhoiuh;;;;;;;;;;;;;x
PROV956;Habhi;;;;;;;;;;;;;x
PROV957;Sebim;;;;;;;;;;;;;x
PROV958;Xakas;;;;;;;;;;;;;x
PROV959;Mhuinau;;;;;;;;;;;;;x
PROV960;Ghuboiu;;;;;;;;;;;;;x
PROV961;Xiop;;;;;;;;;;;;;x
PROV962;Nokio;;;;;;;;;;;;;x
PROV963;Xave;;;;;;;;;;;;;x
PROV964;Bhabhui;;;;;;;;;;;;;x
PROV965;Ghindhuikh;;;;;;;;;;;;;x
PROV966;Vesae;;;;;;;;;;;;;x
PROV967;Beke;;;;;;;;;;;;;x
PROV968;Boppaen;;;;;;;;;;;;;x
PROV969;Bhabind;;;;;;;;;;;;;x
PROV970;Chaumhi;;;;;;;;;;;;;x
PROV971;Buivo;;;;;;;;;;;;;x
PROV972;Boxa;;;;;;;;;;;;;x
PROV973;Nebitchk;;;;;;;;;;;;;x
PROV974;Xamir;;;;;;;;;;;;;x
PROV975;Vouka;;;;;;;;;;;;;x
PROV976;Vawo;;;;;;;;;;;;;x
PROV977;Bivae;;;;;;;;;;;;;x
PROV978;Sarutchk;;;;;;;;;;;;;x
PROV979;Tuxis;;;;;;;;;;;;;x
PROV980;Niakise;;;;;;;;;;;;;x
PROV981;Rivoun;;;;;;;;;;;;;x
PROV982;Remom;;;;;;;;;;;;;x
PROV983;Rawiotchk;;;;;;;;;;;;;x
PROV984;Buren;;;;;;;;;;;;;x
PROV985;Bioxaes;;;;;;;;;;;;;x
PROV986;Miab;;;;;;;;;;;;;x
PROV987;Numochk;;;;;;;;;;;;;x
PROV988;Natio;;;;;;;;;;;;;x
PROV989;Mete;;;;;;;;;;;;;x
PROV990;Soup;;;;;;;;;;;;;x
PROV991;Robom;;;;;;;;;;;;;x
PROV992;Motian;;;;;;;;;;;;;x
PROV993;Wrikyoi;;;;;;;;;;;;;x
PROV994;Zoirk;;;;;;;;;;;;;x
PROV995;Noriap;;;;;;;;;;;;;x
PROV996;Zhůzhyi;;;;;;;;;;;;;x
PROV997;Mexiakam;;;;;;;;;;;;;x
PROV998;Ghauvo;;;;;;;;;;;;;x
PROV999;Nhindhuig;;;;;;;;;;;;;x
PROV1000;Tinae;;;;;;;;;;;;;x
PROV1001;Riab;;;;;;;;;;;;;x
PROV1002;Vinutchk;;;;;;;;;;;;;x
PROV1003;Eksing;;;;;;;;;;;;;x
PROV1004;Resappim;;;;;;;;;;;;;x
PROV1005;Rume;;;;;;;;;;;;;x
PROV1006;Memoter;;;;;;;;;;;;;x
PROV1007;Qiksi;;;;;;;;;;;;;x
PROV1008;Ninga;;;;;;;;;;;;;x
PROV1009;Ksikeon;;;;;;;;;;;;;x
PROV1010;Qege;;;;;;;;;;;;;x
PROV1011;Fojos;;;;;;;;;;;;;x
PROV1012;Madu;;;;;;;;;;;;;x
PROV1013;Ihe;;;;;;;;;;;;;x
PROV1014;Meorus;;;;;;;;;;;;;x
PROV1015;Teoneos;;;;;;;;;;;;;x
PROV1016;Kseon;;;;;;;;;;;;;x
PROV1017;Idha;;;;;;;;;;;;;x
PROV1018;Qoowad;;;;;;;;;;;;;x
PROV1019;Bena;;;;;;;;;;;;;x
PROV1020;Kanang;;;;;;;;;;;;;x
PROV1021;Ikuni;;;;;;;;;;;;;x
PROV1022;Bawob;;;;;;;;;;;;;x
PROV1023;Qeomum;;;;;;;;;;;;;x
PROV1024;Qete;;;;;;;;;;;;;x
PROV1025;Ksanung;;;;;;;;;;;;;x
PROV1026;Hodoob;;;;;;;;;;;;;x
PROV1027;Quef;;;;;;;;;;;;;x
PROV1028;Qingu;;;;;;;;;;;;;x
PROV1029;Hiko;;;;;;;;;;;;;x
PROV1030;Quhedh;;;;;;;;;;;;;x
PROV1031;Manu;;;;;;;;;;;;;x
PROV1032;Fungung;;;;;;;;;;;;;x
PROV1033;Masu;;;;;;;;;;;;;x
PROV1034;Eoging;;;;;;;;;;;;;x
PROV1035;Edwud;;;;;;;;;;;;;x
PROV1036;Negaji;;;;;;;;;;;;;x
PROV1037;Hoduwad;;;;;;;;;;;;;x
PROV1038;Bikan;;;;;;;;;;;;;x
PROV1039;Boodwu;;;;;;;;;;;;;x
PROV1040;Booxi;;;;;;;;;;;;;x
PROV1041;Uhub;;;;;;;;;;;;;x
PROV1042;Owebwe;;;;;;;;;;;;;x
PROV1043;Deko;;;;;;;;;;;;;x
PROV1044;Soxib;;;;;;;;;;;;;x
PROV1045;Godwib;;;;;;;;;;;;;x
PROV1046;Buhu;;;;;;;;;;;;;x
PROV1047;Mowe;;;;;;;;;;;;;x
PROV1048;Mewud;;;;;;;;;;;;;x
PROV1049;Kuksing;;;;;;;;;;;;;x
PROV1050;Meojif;;;;;;;;;;;;;x
PROV1051;Bachaboq;;;;;;;;;;;;;x
PROV1052;Teokung;;;;;;;;;;;;;x
PROV1053;Gotinat;;;;;;;;;;;;;x
PROV1054;Niakin;;;;;;;;;;;;;x
PROV1055;Ksokig;;;;;;;;;;;;;x
PROV1056;Ineng;;;;;;;;;;;;;x
PROV1057;Siochk;;;;;;;;;;;;;x
PROV1058;Eou;;;;;;;;;;;;;x
PROV1059;Nemiob;;;;;;;;;;;;;x
PROV1060;Ksiksikh;;;;;;;;;;;;;x
PROV1061;Geoimu;;;;;;;;;;;;;x
PROV1062;Bohasi;;;;;;;;;;;;;x
PROV1063;Guned;;;;;;;;;;;;;x
PROV1064;Domud;;;;;;;;;;;;;x
PROV1065;Momi;;;;;;;;;;;;;x
PROV1066;Qori;;;;;;;;;;;;;x
PROV1067;Qaradwoor;;;;;;;;;;;;;x
PROV1068;Chiwyira;;;;;;;;;;;;;x
PROV1069;Yůzhyou;;;;;;;;;;;;;x
PROV1070;Chåchrourf;;;;;;;;;;;;;x
PROV1071;Zhrůrg;;;;;;;;;;;;;x
PROV1072;Zhigak;;;;;;;;;;;;;x
PROV1073;Gureom;;;;;;;;;;;;;x
PROV1074;Gaka;;;;;;;;;;;;;x
PROV1075;Ksaki;;;;;;;;;;;;;x
PROV1076;Zhroinyů;;;;;;;;;;;;;x
PROV1077;Ksegat;;;;;;;;;;;;;x
PROV1078;Zhurůroi;;;;;;;;;;;;;x
PROV1079;Riwyiyrou;;;;;;;;;;;;;x
PROV1080;Yåchk;;;;;;;;;;;;;x
PROV1081;Guzhrůy;;;;;;;;;;;;;x
PROV1082;Zhråvun;;;;;;;;;;;;;x
PROV1083;Chårf;;;;;;;;;;;;;x
PROV1084;Ůyri;;;;;;;;;;;;;x
PROV1085;Yrånyu;;;;;;;;;;;;;x
PROV1086;Krazoiroun;;;;;;;;;;;;;x
PROV1087;Oirů;;;;;;;;;;;;;x
PROV1088;Vfouchk;;;;;;;;;;;;;x
PROV1089;Noin;;;;;;;;;;;;;x
PROV1090;Kroichk;;;;;;;;;;;;;x
PROV1091;Vrůva;;;;;;;;;;;;;x
PROV1092;Zhrůvoi;;;;;;;;;;;;;x
PROV1093;Finyow;;;;;;;;;;;;;x
PROV1094;Kwuw;;;;;;;;;;;;;x
PROV1095;Ghaukho;;;;;;;;;;;;;x
PROV1096;Okrouy;;;;;;;;;;;;;x
PROV1097;Zhrouwroiy;;;;;;;;;;;;;x
PROV1098;Yroruw;;;;;;;;;;;;;x
PROV1099;Yanyoivu;;;;;;;;;;;;;x
PROV1100;Vfůch;;;;;;;;;;;;;x
PROV1101;Fouwrifůw;;;;;;;;;;;;;x
PROV1102;Zazhrů;;;;;;;;;;;;;x
PROV1103;Chuni;;;;;;;;;;;;;x
PROV1104;Chourg;;;;;;;;;;;;;x
PROV1105;Yrag;;;;;;;;;;;;;x
PROV1106;Rarg;;;;;;;;;;;;;x
PROV1107;Vouzhůy;;;;;;;;;;;;;x
PROV1108;Fůvvů;;;;;;;;;;;;;x
PROV1109;Zhroivo;;;;;;;;;;;;;x
PROV1110;Roiugumhaukh;;;;;;;;;;;;;x
PROV1111;Ghaugoiuh;;;;;;;;;;;;;x
PROV1112;Nichů;;;;;;;;;;;;;x
PROV1113;Ghubheh;;;;;;;;;;;;;x
PROV1114;Vrouw;;;;;;;;;;;;;x
PROV1115;Vroin;;;;;;;;;;;;;x
PROV1116;Yirg;;;;;;;;;;;;;x
PROV1117;Zhirouy;;;;;;;;;;;;;x
PROV1118;Najuh;;;;;;;;;;;;;x
PROV1119;Hundharr;;;;;;;;;;;;;x
PROV1120;Mhuinghuh;;;;;;;;;;;;;x
PROV1121;Andhuspkh;;;;;;;;;;;;;x
PROV1122;Thistraio;;;;;;;;;;;;;x
PROV1123;Nůk;;;;;;;;;;;;;x
PROV1124;Nhabhaumho;;;;;;;;;;;;;x
PROV1125;Uibhi;;;;;;;;;;;;;x
PROV1126;Bhoiur;;;;;;;;;;;;;x
PROV1127;Oiukh;;;;;;;;;;;;;x
PROV1128;Bhuspkh;;;;;;;;;;;;;x
PROV1129;Aubha;;;;;;;;;;;;;x
PROV1130;Noiug;;;;;;;;;;;;;x
PROV1131;Bakhauř;;;;;;;;;;;;;x
PROV1132;Nhoiukhoiur;;;;;;;;;;;;;x
PROV1133;Bangheř;;;;;;;;;;;;;x
PROV1134;Roiunghe;;;;;;;;;;;;;x
PROV1135;Nhauspkh;;;;;;;;;;;;;x
PROV1136;Roiukhospkh;;;;;;;;;;;;;x
PROV1137;Bhivaujukh;;;;;;;;;;;;;x
PROV1138;Chaundhikhah;;;;;;;;;;;;;x
PROV1139;Mhiga;;;;;;;;;;;;;x
PROV1140;Mhekh;;;;;;;;;;;;;x
PROV1141;Mhobaur;;;;;;;;;;;;;x
PROV1142;Nhuiq;;;;;;;;;;;;;x
PROV1143;Acho;;;;;;;;;;;;;x
PROV1144;Boiunui;;;;;;;;;;;;;x
PROV1145;Baundho;;;;;;;;;;;;;x
PROV1146;Roiubhirr;;;;;;;;;;;;;x
PROV1147;Hoiuchag;;;;;;;;;;;;;x
PROV1148;Runghau;;;;;;;;;;;;;x
PROV1149;Ghivo;;;;;;;;;;;;;x
PROV1150;Naundhind;;;;;;;;;;;;;x
PROV1151;Anau;;;;;;;;;;;;;x
PROV1152;Bigo;;;;;;;;;;;;;x
PROV1153;Ghaund;;;;;;;;;;;;;x
PROV1154;Boiubhiř;;;;;;;;;;;;;x
PROV1155;Bhoiuchau;;;;;;;;;;;;;x
PROV1156;Oiuchu;;;;;;;;;;;;;x
PROV1157;Boiubhe;;;;;;;;;;;;;x
PROV1158;Nhebhuh;;;;;;;;;;;;;x
PROV1159;Raunoiukh;;;;;;;;;;;;;x
PROV1160;Pior;;;;;;;;;;;;;x
PROV1161;Babhokh;;;;;;;;;;;;;x
PROV1162;Ondha;;;;;;;;;;;;;x
PROV1163;Uiq;;;;;;;;;;;;;x
PROV1164;Tiaser;;;;;;;;;;;;;x
PROV1165;Moui;;;;;;;;;;;;;x
PROV1166;Miorio;;;;;;;;;;;;;x
PROV1167;Mhaundhekhoiu;;;;;;;;;;;;;x
PROV1168;Ghoiug;;;;;;;;;;;;;x
PROV1169;Nindhebheř;;;;;;;;;;;;;x
PROV1170;Rugui;;;;;;;;;;;;;x
PROV1171;Bhoiundhoq;;;;;;;;;;;;;x
PROV1172;Bhemho;;;;;;;;;;;;;x
PROV1173;Rossou;;;;;;;;;;;;;x
PROV1174;Prusous;;;;;;;;;;;;;x
PROV1175;Fimong;;;;;;;;;;;;;x
PROV1176;Ussessog;;;;;;;;;;;;;x
PROV1177;Peingeig;;;;;;;;;;;;;x
PROV1178;Bhibuq;;;;;;;;;;;;;x
PROV1179;Iju;;;;;;;;;;;;;x
PROV1180;Nhanavu;;;;;;;;;;;;;x
PROV1181;Toube;;;;;;;;;;;;;x
PROV1182;Stousu;;;;;;;;;;;;;x
PROV1183;Patu;;;;;;;;;;;;;x
PROV1184;Taiokio;;;;;;;;;;;;;x
PROV1185;Piofou;;;;;;;;;;;;;x
PROV1186;Ibei;;;;;;;;;;;;;x
PROV1187;Stessi;;;;;;;;;;;;;x
PROV1188;Trer;;;;;;;;;;;;;x
PROV1189;Tissaiok;;;;;;;;;;;;;x
PROV1190;Stouni;;;;;;;;;;;;;x
PROV1191;Gouiagas;;;;;;;;;;;;;x
PROV1192;Pagufu;;;;;;;;;;;;;x
PROV1193;Seime;;;;;;;;;;;;;x
PROV1194;Treiq;;;;;;;;;;;;;x
PROV1195;Nofio;;;;;;;;;;;;;x
PROV1196;Niopaks;;;;;;;;;;;;;x
PROV1197;Remo;;;;;;;;;;;;;x
PROV1198;Ibourg;;;;;;;;;;;;;x
PROV1199;Giatu;;;;;;;;;;;;;x
PROV1200;Kouks;;;;;;;;;;;;;x
PROV1201;Tupenu;;;;;;;;;;;;;x
PROV1202;Rioks;;;;;;;;;;;;;x
PROV1203;Niari;;;;;;;;;;;;;x
PROV1204;Giq;;;;;;;;;;;;;x
PROV1205;Thouro;;;;;;;;;;;;;x
PROV1206;Jódzq;;;;;;;;;;;;;x
PROV1207;Taksu;;;;;;;;;;;;;x
PROV1208;Kiokou;;;;;;;;;;;;;x
PROV1209;Tmóz;;;;;;;;;;;;;x
PROV1210;Jaju;;;;;;;;;;;;;x
PROV1211;Bæd;;;;;;;;;;;;;x
PROV1212;Usiq;;;;;;;;;;;;;x
PROV1213;Tmen;;;;;;;;;;;;;x
PROV1214;Piogo;;;;;;;;;;;;;x
PROV1215;Thaki;;;;;;;;;;;;;x
PROV1216;Stufia;;;;;;;;;;;;;x
PROV1217;Rastria;;;;;;;;;;;;;x
PROV1218;Nuki;;;;;;;;;;;;;x
PROV1219;Thoukaga;;;;;;;;;;;;;x
PROV1220;Stapoug;;;;;;;;;;;;;x
PROV1221;Dadiq;;;;;;;;;;;;;x
PROV1222;Tesi;;;;;;;;;;;;;x
PROV1223;Taiog;;;;;;;;;;;;;x
PROV1224;Sengei;;;;;;;;;;;;;x
PROV1225;Dónig;;;;;;;;;;;;;x
PROV1226;Jóq;;;;;;;;;;;;;x
PROV1227;Chouso;;;;;;;;;;;;;x
PROV1228;Uqim;;;;;;;;;;;;;x
PROV1229;Jeuq;;;;;;;;;;;;;x
PROV1230;Gijó;;;;;;;;;;;;;x
PROV1231;Daizo;;;;;;;;;;;;;x
PROV1232;Tmoz;;;;;;;;;;;;;x
PROV1233;Touksou;;;;;;;;;;;;;x
PROV1234;Thout;;;;;;;;;;;;;x
PROV1235;Niogft;;;;;;;;;;;;;x
PROV1236;Ónbufug;;;;;;;;;;;;;x
PROV1237;Beres;;;;;;;;;;;;;x
PROV1238;Eijousoung;;;;;;;;;;;;;x
PROV1239;Omoji;;;;;;;;;;;;;x
PROV1240;Ringeiq;;;;;;;;;;;;;x
PROV1241;Doumu;;;;;;;;;;;;;x
PROV1242;Troneiq;;;;;;;;;;;;;x
PROV1243;Kouneig;;;;;;;;;;;;;x
PROV1244;Teiji;;;;;;;;;;;;;x
PROV1245;Isi;;;;;;;;;;;;;x
PROV1246;Feiq;;;;;;;;;;;;;x
PROV1247;Doun;;;;;;;;;;;;;x
PROV1248;Ditó;;;;;;;;;;;;;x
PROV1249;Bzusgitmn;;;;;;;;;;;;;x
PROV1250;Iob;;;;;;;;;;;;;x
PROV1251;Gón;;;;;;;;;;;;;x
PROV1252;Trer;;;;;;;;;;;;;x
PROV1253;Faig;;;;;;;;;;;;;x
PROV1254;Sounguso;;;;;;;;;;;;;x
PROV1255;Trurg;;;;;;;;;;;;;x
PROV1256;Chemo;;;;;;;;;;;;;x
PROV1257;Domig;;;;;;;;;;;;;x
PROV1258;Penou;;;;;;;;;;;;;x
PROV1259;Trerou;;;;;;;;;;;;;x
PROV1260;Rijou;;;;;;;;;;;;;x
PROV1261;Tiusos;;;;;;;;;;;;;x
PROV1262;Qófeu;;;;;;;;;;;;;x
PROV1263;Tminbo;;;;;;;;;;;;;x
PROV1264;Bótmn;;;;;;;;;;;;;x
PROV1265;Tóg;;;;;;;;;;;;;x
PROV1266;Zaif;;;;;;;;;;;;;x
PROV1267;Gioa;;;;;;;;;;;;;x
PROV1268;Fůvya;;;;;;;;;;;;;x
PROV1269;Råchůny;;;;;;;;;;;;;x
PROV1270;Zůvå;;;;;;;;;;;;;x
PROV1271;Buoth;;;;;;;;;;;;;x
PROV1272;Ibæ;;;;;;;;;;;;;x
PROV1273;Nyeri;;;;;;;;;;;;;x
PROV1274;Nyæmb;;;;;;;;;;;;;x
PROV1275;Butuo;;;;;;;;;;;;;x
PROV1276;Buetogghog;;;;;;;;;;;;;x
PROV1277;Tigghaè;;;;;;;;;;;;;x
PROV1278;Rimuoruemf;;;;;;;;;;;;;x
PROV1279;Rèny;;;;;;;;;;;;;x
PROV1280;Juonyaèh;;;;;;;;;;;;;x
PROV1281;Ora;;;;;;;;;;;;;x
PROV1282;Guorib;;;;;;;;;;;;;x
PROV1283;Fuatu;;;;;;;;;;;;;x
PROV1284;Tuhæh;;;;;;;;;;;;;x
PROV1285;Huaguog;;;;;;;;;;;;;x
PROV1286;Fuad;;;;;;;;;;;;;x
PROV1287;Rohuo;;;;;;;;;;;;;x
PROV1288;Fuomn;;;;;;;;;;;;;x
PROV1289;Tigghuny;;;;;;;;;;;;;x
PROV1290;Noghaè;;;;;;;;;;;;;x
PROV1291;Famaèth;;;;;;;;;;;;;x
PROV1292;Maèth;;;;;;;;;;;;;x
PROV1293;Bmaèn;;;;;;;;;;;;;x
PROV1294;Nuammuaj;;;;;;;;;;;;;x
PROV1295;Nin;;;;;;;;;;;;;x
PROV1296;Baèærè;;;;;;;;;;;;;x
PROV1297;Nyohuar;;;;;;;;;;;;;x
PROV1298;Bujh;;;;;;;;;;;;;x
PROV1299;Ruem;;;;;;;;;;;;;x
PROV1300;Rafemf;;;;;;;;;;;;;x
PROV1301;Begghuh;;;;;;;;;;;;;x
PROV1302;Bzar;;;;;;;;;;;;;x
PROV1303;Zánem-ij;;;;;;;;;;;;;x
PROV1304;Heir;;;;;;;;;;;;;x
PROV1305;Esám;;;;;;;;;;;;;x
PROV1306;Ochysko;;;;;;;;;;;;;x
PROV1307;Guj;;;;;;;;;;;;;x
PROV1308;Hút;;;;;;;;;;;;;x
PROV1309;Szube;;;;;;;;;;;;;x
PROV1310;Dnej;;;;;;;;;;;;;x
PROV1311;Báztá;;;;;;;;;;;;;x
PROV1312;Zōshftâ;;;;;;;;;;;;;x
PROV1313;Chufk;;;;;;;;;;;;;x
PROV1314;Mâdhō;;;;;;;;;;;;;x
PROV1315;Ugûjâ;;;;;;;;;;;;;x
PROV1316;Pob;;;;;;;;;;;;;x
PROV1317;Ibázoj;;;;;;;;;;;;;x
PROV1318;Bezáchys;;;;;;;;;;;;;x
PROV1319;Fisat;;;;;;;;;;;;;x
PROV1320;Gokuk;;;;;;;;;;;;;x
PROV1321;Ghog;;;;;;;;;;;;;x
PROV1322;Zábu;;;;;;;;;;;;;x
PROV1323;Dneu;;;;;;;;;;;;;x
PROV1324;Ponerú;;;;;;;;;;;;;x
PROV1325;Vahú;;;;;;;;;;;;;x
PROV1326;Vuh;;;;;;;;;;;;;x
PROV1327;Nânnuttu;;;;;;;;;;;;;x
PROV1328;Dnús;;;;;;;;;;;;;x
PROV1329;Ghásd;;;;;;;;;;;;;x
PROV1330;Buzob;;;;;;;;;;;;;x
PROV1331;Jûjuho;;;;;;;;;;;;;x
PROV1332;Náb;;;;;;;;;;;;;x
PROV1333;Ǵubu;;;;;;;;;;;;;x
PROV1334;Nôhêth;;;;;;;;;;;;;x
PROV1335;Vehes;;;;;;;;;;;;;x
PROV1336;Joth;;;;;;;;;;;;;x
PROV1337;Ŕâjuǵ;;;;;;;;;;;;;x
PROV1338;Ŕohuth;;;;;;;;;;;;;x
PROV1339;Jegh;;;;;;;;;;;;;x
PROV1340;Huttaĝ;;;;;;;;;;;;;x
PROV1341;Yêjânnuv;;;;;;;;;;;;;x
PROV1342;Dêʻô;;;;;;;;;;;;;x
PROV1343;Vâp;;;;;;;;;;;;;x
PROV1344;Zúmebun;;;;;;;;;;;;;x
PROV1345;Dnáp;;;;;;;;;;;;;x
PROV1346;Gukus;;;;;;;;;;;;;x
PROV1347;Ghub;;;;;;;;;;;;;x
PROV1348;Tojvák;;;;;;;;;;;;;x
PROV1349;Múk;;;;;;;;;;;;;x
PROV1350;Fesd;;;;;;;;;;;;;x
PROV1351;Fúsd;;;;;;;;;;;;;x
PROV1352;Szik;;;;;;;;;;;;;x
PROV1353;Dechys;;;;;;;;;;;;;x
PROV1354;Vánán;;;;;;;;;;;;;x
PROV1355;Pús;;;;;;;;;;;;;x
PROV1356;Jed;;;;;;;;;;;;;x
PROV1357;Hêgh;;;;;;;;;;;;;x
PROV1358;Deso;;;;;;;;;;;;;x
PROV1359;Fonez;;;;;;;;;;;;;x
PROV1360;Dedi;;;;;;;;;;;;;x
PROV1361;Fibúhá;;;;;;;;;;;;;x
PROV1362;Túr-Mák;;;;;;;;;;;;;x
PROV1363;Zápeguk;;;;;;;;;;;;;x
PROV1364;Zezbo;;;;;;;;;;;;;x
PROV1365;Sepá;;;;;;;;;;;;;x
PROV1366;Tabob;;;;;;;;;;;;;x
PROV1367;Ganisd;;;;;;;;;;;;;x
PROV1368;Múchys;;;;;;;;;;;;;x
PROV1369;Jochyskog;;;;;;;;;;;;;x
PROV1370;Dnar;;;;;;;;;;;;;x
PROV1371;Tehú;;;;;;;;;;;;;x
PROV1372;Ov-Juttepht;;;;;;;;;;;;;x
PROV1373;Ettuhôǵ;;;;;;;;;;;;;x
PROV1374;Hobu;;;;;;;;;;;;;x
PROV1375;Âva;;;;;;;;;;;;;x
PROV1376;Puʻâ;;;;;;;;;;;;;x
PROV1377;Ngûǵ;;;;;;;;;;;;;x
PROV1378;Szúj;;;;;;;;;;;;;x
PROV1379;Núzsis;;;;;;;;;;;;;x
PROV1380;Bêttu;;;;;;;;;;;;;x
PROV1381;Odugh;;;;;;;;;;;;;x
PROV1382;Vuhakh;;;;;;;;;;;;;x
PROV1383;Ŕûgath;;;;;;;;;;;;;x
PROV1384;Ŕûnna;;;;;;;;;;;;;x
PROV1385;Odêĝ;;;;;;;;;;;;;x
PROV1386;Yâgû;;;;;;;;;;;;;x
PROV1387;Ǵad;;;;;;;;;;;;;x
PROV1388;Ŕuvô;;;;;;;;;;;;;x
PROV1389;Ngoth;;;;;;;;;;;;;x
PROV1390;Dnuchys;;;;;;;;;;;;;x
PROV1391;Rikou;;;;;;;;;;;;;x
PROV1392;Nywat;;;;;;;;;;;;;x
PROV1393;Swin;;;;;;;;;;;;;x
PROV1394;Yesy;;;;;;;;;;;;;x
PROV1395;San;;;;;;;;;;;;;x
PROV1396;D’acharch;;;;;;;;;;;;;x
PROV1397;Vum;;;;;;;;;;;;;x
PROV1398;Sah;;;;;;;;;;;;;x
PROV1399;Fikwat;;;;;;;;;;;;;x
PROV1400;J’ess;;;;;;;;;;;;;x
PROV1401;Pwasy;;;;;;;;;;;;;x
PROV1402;Zhkaudhri;;;;;;;;;;;;;x
PROV1403;Swo;;;;;;;;;;;;;x
PROV1404;Achakwur;;;;;;;;;;;;;x
PROV1405;Mrap;;;;;;;;;;;;;x
PROV1406;J’oyi;;;;;;;;;;;;;x
PROV1407;Omkokat;;;;;;;;;;;;;x
PROV1408;Dhoung;;;;;;;;;;;;;x
PROV1409;Reaau;;;;;;;;;;;;;x
PROV1410;Sinywumo;;;;;;;;;;;;;x
PROV1411;Guzhu;;;;;;;;;;;;;x
PROV1412;Sengau;;;;;;;;;;;;;x
PROV1413;Chiezhie;;;;;;;;;;;;;x
PROV1414;Thothos;;;;;;;;;;;;;x
PROV1415;Trag̊;;;;;;;;;;;;;x
PROV1416;G̊et;;;;;;;;;;;;;x
PROV1417;Zhezko;;;;;;;;;;;;;x
PROV1418;Dhrokekshiedh;;;;;;;;;;;;;x
PROV1419;Front;;;;;;;;;;;;;x
PROV1420;Ob’wa;;;;;;;;;;;;;x
PROV1421;Sew;;;;;;;;;;;;;x
PROV1422;Mg’okib’wa;;;;;;;;;;;;;x
PROV1423;Nokh;;;;;;;;;;;;;x
PROV1424;Krant;;;;;;;;;;;;;x
PROV1425;B’lerch;;;;;;;;;;;;;x
PROV1426;Mj’ut;;;;;;;;;;;;;x
PROV1427;Nggub’osy;;;;;;;;;;;;;x
PROV1428;Mosar;;;;;;;;;;;;;x
PROV1429;Nyah;;;;;;;;;;;;;x
PROV1430;Dhinja;;;;;;;;;;;;;x
PROV1431;Mshet;;;;;;;;;;;;;x
PROV1432;Mass;;;;;;;;;;;;;x
PROV1433;Ukwa;;;;;;;;;;;;;x
PROV1434;Atty;;;;;;;;;;;;;x
PROV1435;Kow;;;;;;;;;;;;;x
PROV1436;Mnyo;;;;;;;;;;;;;x
PROV1437;Hoss;;;;;;;;;;;;;x
PROV1438;Weh;;;;;;;;;;;;;x
PROV1439;G̊akah;;;;;;;;;;;;;x
PROV1440;G̊unt;;;;;;;;;;;;;x
PROV1441;Mg’uta;;;;;;;;;;;;;x
PROV1442;G’umya;;;;;;;;;;;;;x
PROV1443;Hrnid;;;;;;;;;;;;;x
PROV1444;Wib’u;;;;;;;;;;;;;x
PROV1445;B’upi;;;;;;;;;;;;;x
PROV1446;Renggwo;;;;;;;;;;;;;x
PROV1447;J’ayib’d’u;;;;;;;;;;;;;x
PROV1448;Msosy;;;;;;;;;;;;;x
PROV1449;Mbwarch;;;;;;;;;;;;;x
PROV1450;Sass;;;;;;;;;;;;;x
PROV1451;J’ekh;;;;;;;;;;;;;x
PROV1452;Mus;;;;;;;;;;;;;x
PROV1453;Jʻejai;;;;;;;;;;;;;x
PROV1454;Yʻgain;;;;;;;;;;;;;x
PROV1455;Dzuoz;;;;;;;;;;;;;x
PROV1456;Arch;;;;;;;;;;;;;x
PROV1457;Krumte;;;;;;;;;;;;;x
PROV1458;Jʻoz;;;;;;;;;;;;;x
PROV1459;Jʻoje;;;;;;;;;;;;;x
PROV1460;Yʻdouʻnāg;;;;;;;;;;;;;x
PROV1461;Dhrau;;;;;;;;;;;;;x
PROV1462;Tuazhdu;;;;;;;;;;;;;x
PROV1463;Jia;;;;;;;;;;;;;x
PROV1464;Vauz;;;;;;;;;;;;;x
PROV1465;Jʻayk;;;;;;;;;;;;;x
PROV1466;Vaiy;;;;;;;;;;;;;x
PROV1467;Zhkihw;;;;;;;;;;;;;x
PROV1468;Ngan;;;;;;;;;;;;;x
PROV1469;Thiethdun;;;;;;;;;;;;;x
PROV1470;Zhkua;;;;;;;;;;;;;x
PROV1471;Vouhw;;;;;;;;;;;;;x
PROV1472;Deswe;;;;;;;;;;;;;x
PROV1473;Wruot;;;;;;;;;;;;;x
PROV1474;Dhâmit;;;;;;;;;;;;;x
PROV1475;Eza;;;;;;;;;;;;;x
PROV1476;Mrefua;;;;;;;;;;;;;x
PROV1477;Rierif;;;;;;;;;;;;;x
PROV1478;Maf;;;;;;;;;;;;;x
PROV1479;Kʻok;;;;;;;;;;;;;x
PROV1480;Khroush;;;;;;;;;;;;;x
PROV1481;Bayz;;;;;;;;;;;;;x
PROV1482;Wiech;;;;;;;;;;;;;x
PROV1483;Wruaztie;;;;;;;;;;;;;x
PROV1484;Vak;;;;;;;;;;;;;x
PROV1485;Mref;;;;;;;;;;;;;x
PROV1486;Gead;;;;;;;;;;;;;x
PROV1487;Zkimmauv;;;;;;;;;;;;;x
PROV1488;Mrozkuo;;;;;;;;;;;;;x
PROV1489;Chemom;;;;;;;;;;;;;x
PROV1490;Chihwo;;;;;;;;;;;;;x
PROV1491;Zent;;;;;;;;;;;;;x
PROV1492;Fruazka;;;;;;;;;;;;;x
PROV1493;Dokofrie;;;;;;;;;;;;;x
PROV1494;Zhek;;;;;;;;;;;;;x
PROV1495;Zieth;;;;;;;;;;;;;x
PROV1496;Tāsha;;;;;;;;;;;;;x
PROV1497;Tzet;;;;;;;;;;;;;x
PROV1498;Jeyvāg;;;;;;;;;;;;;x
PROV1499;Joubbak;;;;;;;;;;;;;x
PROV1500;Kouj;;;;;;;;;;;;;x
PROV1501;Tsayeg;;;;;;;;;;;;;x
PROV1502;Tʻijāy;;;;;;;;;;;;;x
PROV1503;Dzeëd;;;;;;;;;;;;;x
PROV1504;Zoöjud;;;;;;;;;;;;;x
PROV1505;Goru;;;;;;;;;;;;;x
PROV1506;Qëzuru;;;;;;;;;;;;;x
PROV1507;Adzödz;;;;;;;;;;;;;x
PROV1508;Shroash;;;;;;;;;;;;;x
PROV1509;Dzöshdzeëreënd;;;;;;;;;;;;;x
PROV1510;Dibö;;;;;;;;;;;;;x
PROV1511;Dzur;;;;;;;;;;;;;x
PROV1512;Qedz;;;;;;;;;;;;;x
PROV1513;Choz;;;;;;;;;;;;;x
PROV1514;Bek;;;;;;;;;;;;;x
PROV1515;Ruzh;;;;;;;;;;;;;x
PROV1516;Souz;;;;;;;;;;;;;x
PROV1517;Tzoukh;;;;;;;;;;;;;x
PROV1518;Gaynai;;;;;;;;;;;;;x
PROV1519;Tayb;;;;;;;;;;;;;x
PROV1520;Tadhaig;;;;;;;;;;;;;x
PROV1521;Yʻtairay;;;;;;;;;;;;;x
PROV1522;Yʻtatai;;;;;;;;;;;;;x
PROV1523;Tsout;;;;;;;;;;;;;x
PROV1524;Rayb;;;;;;;;;;;;;x
PROV1525;Tsouʻog;;;;;;;;;;;;;x
PROV1526;Tsain;;;;;;;;;;;;;x
PROV1527;Yʻdeto;;;;;;;;;;;;;x
PROV1528;Frez;;;;;;;;;;;;;x
PROV1529;Hwauthde;;;;;;;;;;;;;x
PROV1530;Min;;;;;;;;;;;;;x
PROV1531;Reazi;;;;;;;;;;;;;x
PROV1532;Zoshez;;;;;;;;;;;;;x
PROV1533;Riyog;;;;;;;;;;;;;x
PROV1534;Kouavan;;;;;;;;;;;;;x
PROV1535;Boush;;;;;;;;;;;;;x
PROV1536;Tʻāszer;;;;;;;;;;;;;x
PROV1537;Hùm;;;;;;;;;;;;;x
PROV1538;Mriez;;;;;;;;;;;;;x
PROV1539;Voweg;;;;;;;;;;;;;x
PROV1540;Dhreamiv;;;;;;;;;;;;;x
PROV1541;Dzifemn;;;;;;;;;;;;;x
PROV1542;Dhok;;;;;;;;;;;;;x
PROV1543;Shrochi;;;;;;;;;;;;;x
PROV1544;Zkiet;;;;;;;;;;;;;x
PROV1545;Zhkiem;;;;;;;;;;;;;x
PROV1546;Thakuod;;;;;;;;;;;;;x
PROV1547;Vosh;;;;;;;;;;;;;x
PROV1548;Shruthde;;;;;;;;;;;;;x
PROV1549;Jʻota;;;;;;;;;;;;;x
PROV1550;Borayv;;;;;;;;;;;;;x
PROV1551;Yeda;;;;;;;;;;;;;x
PROV1552;Jebko;;;;;;;;;;;;;x
PROV1553;Kʻāyve;;;;;;;;;;;;;x
PROV1554;Yij;;;;;;;;;;;;;x
PROV1555;Eowug;;;;;;;;;;;;;x
PROV1556;Dugjaej;;;;;;;;;;;;;x
PROV1557;Guepab;;;;;;;;;;;;;x
PROV1558;Uechyhjʻi;;;;;;;;;;;;;x
PROV1559;Hinye;;;;;;;;;;;;;x
PROV1560;Chömno;;;;;;;;;;;;;x
PROV1561;Noön;;;;;;;;;;;;;x
PROV1562;Charm;;;;;;;;;;;;;x
PROV1563;Dzerzu;;;;;;;;;;;;;x
PROV1564;Bhrahshe;;;;;;;;;;;;;x
PROV1565;Qor;;;;;;;;;;;;;x
PROV1566;Chim;;;;;;;;;;;;;x
PROV1567;Zrein;;;;;;;;;;;;;x
PROV1568;Hrnibe;;;;;;;;;;;;;x
PROV1569;Bub;;;;;;;;;;;;;x
PROV1570;Roashb;;;;;;;;;;;;;x
PROV1571;Zanzo;;;;;;;;;;;;;x
PROV1572;Zrozrb;;;;;;;;;;;;;x
PROV1573;Hrneinzuhshi;;;;;;;;;;;;;x
PROV1574;Bhroahsheshbei;;;;;;;;;;;;;x
PROV1575;Shruzrd;;;;;;;;;;;;;x
PROV1576;Mnom;;;;;;;;;;;;;x
PROV1577;Pön;;;;;;;;;;;;;x
PROV1578;Dzoöb;;;;;;;;;;;;;x
PROV1579;Nid;;;;;;;;;;;;;x
PROV1580;Shreshb;;;;;;;;;;;;;x
PROV1581;Cheëpeëdz;;;;;;;;;;;;;x
PROV1582;Papuen;;;;;;;;;;;;;x
PROV1583;Tguk;;;;;;;;;;;;;x
PROV1584;Hunåns;;;;;;;;;;;;;x
PROV1585;Piehis;;;;;;;;;;;;;x
PROV1586;Dguhta;;;;;;;;;;;;;x
PROV1587;Tgure;;;;;;;;;;;;;x
PROV1588;Ngerang;;;;;;;;;;;;;x
PROV1589;Dkaenktå;;;;;;;;;;;;;x
PROV1590;T͡saet͡su;;;;;;;;;;;;;x
PROV1591;Ngut;;;;;;;;;;;;;x
PROV1592;Dgeutk;;;;;;;;;;;;;x
PROV1593;Knutsk;;;;;;;;;;;;;x
PROV1594;Saehtaed;;;;;;;;;;;;;x
PROV1595;Kåhkstå;;;;;;;;;;;;;x
PROV1596;Rurahtskå;;;;;;;;;;;;;x
PROV1597;Tneugktu;;;;;;;;;;;;;x
PROV1598;Dat͡s;;;;;;;;;;;;;x
PROV1599;Tnang;;;;;;;;;;;;;x
PROV1600;Pifaf;;;;;;;;;;;;;x
PROV1601;Toesuemun;;;;;;;;;;;;;x
PROV1602;Goesa;;;;;;;;;;;;;x
PROV1603;Abtusfo;;;;;;;;;;;;;x
PROV1604;Tguep;;;;;;;;;;;;;x
PROV1605;Toed;;;;;;;;;;;;;x
PROV1606;Huhuehugst;;;;;;;;;;;;;x
PROV1607;Hospmue;;;;;;;;;;;;;x
PROV1608;Tgiehonoeh;;;;;;;;;;;;;x
PROV1609;Hgaed;;;;;;;;;;;;;x
PROV1610;Enae;;;;;;;;;;;;;x
PROV1611;Pehue;;;;;;;;;;;;;x
PROV1612;Upies;;;;;;;;;;;;;x
PROV1613;Hummed;;;;;;;;;;;;;x
PROV1614;Iespmas;;;;;;;;;;;;;x
PROV1615;Puedh;;;;;;;;;;;;;x
PROV1616;Fanae;;;;;;;;;;;;;x
PROV1617;Oebedh;;;;;;;;;;;;;x
PROV1618;Baepoet;;;;;;;;;;;;;x
PROV1619;Huvah;;;;;;;;;;;;;x
PROV1620;Tganae;;;;;;;;;;;;;x
PROV1621;Nasfaeb;;;;;;;;;;;;;x
PROV1622;Tgueboemmueb;;;;;;;;;;;;;x
PROV1623;Huespmi;;;;;;;;;;;;;x
PROV1624;Hgehas;;;;;;;;;;;;;x
PROV1625;Göp;;;;;;;;;;;;;x
PROV1626;Nujo;;;;;;;;;;;;;x
PROV1627;Puegst;;;;;;;;;;;;;x
PROV1628;Chep;;;;;;;;;;;;;x
PROV1629;Rushdzeën;;;;;;;;;;;;;x
PROV1630;Garoshed;;;;;;;;;;;;;x
PROV1631;Toep;;;;;;;;;;;;;x
PROV1632;Dzeda;;;;;;;;;;;;;x
PROV1633;Gafuf;;;;;;;;;;;;;x
PROV1634;Abab;;;;;;;;;;;;;x
PROV1635;Umi;;;;;;;;;;;;;x
PROV1636;Nimö;;;;;;;;;;;;;x
PROV1637;Gödza;;;;;;;;;;;;;x
PROV1638;Peju;;;;;;;;;;;;;x
PROV1639;Noör;;;;;;;;;;;;;x
PROV1640;Chishud;;;;;;;;;;;;;x
PROV1641;Giśha;;;;;;;;;;;;;x
PROV1642;Khetsk;;;;;;;;;;;;;x
PROV1643;Tgåheng;;;;;;;;;;;;;x
PROV1644;Tgaeng;;;;;;;;;;;;;x
PROV1645;Khaes;;;;;;;;;;;;;x
PROV1646;Eutskåhskant;;;;;;;;;;;;;x
PROV1647;Råkhå;;;;;;;;;;;;;x
PROV1648;Kåhå;;;;;;;;;;;;;x
PROV1649;Tångku;;;;;;;;;;;;;x
PROV1650;Dennåtskug;;;;;;;;;;;;;x
PROV1651;Tnåtkå;;;;;;;;;;;;;x
PROV1652;Knesae;;;;;;;;;;;;;x
PROV1653;Knedae;;;;;;;;;;;;;x
PROV1654;Reunt;;;;;;;;;;;;;x
PROV1655;Såtkeu;;;;;;;;;;;;;x
PROV1656;Knens;;;;;;;;;;;;;x
PROV1657;T͡seutk;;;;;;;;;;;;;x
PROV1658;Nödb;;;;;;;;;;;;;x
PROV1659;Tåggu;;;;;;;;;;;;;x
PROV1660;Rëdzë;;;;;;;;;;;;;x
PROV1661;Noöp;;;;;;;;;;;;;x
PROV1662;Tåhke;;;;;;;;;;;;;x
PROV1663;Döshumnö;;;;;;;;;;;;;x
PROV1664;Qëdz;;;;;;;;;;;;;x
PROV1665;Åhkå;;;;;;;;;;;;;x
PROV1666;Tgaetkas;;;;;;;;;;;;;x
PROV1667;Amno;;;;;;;;;;;;;x
PROV1668;Qojar;;;;;;;;;;;;;x
PROV1669;Råg;;;;;;;;;;;;;x
PROV1670;Ngeukntug;;;;;;;;;;;;;x
PROV1671;Mazu;;;;;;;;;;;;;x
PROV1672;Ipodza;;;;;;;;;;;;;x
PROV1673;Dzuna;;;;;;;;;;;;;x
PROV1674;Göshëz;;;;;;;;;;;;;x
PROV1675;Eëdaz;;;;;;;;;;;;;x
PROV1676;Ëśhoö;;;;;;;;;;;;;x
PROV1677;Oödzënd;;;;;;;;;;;;;x
PROV1678;Qemnar;;;;;;;;;;;;;x
PROV1679;Zönd;;;;;;;;;;;;;x
PROV1680;Chameë;;;;;;;;;;;;;x
PROV1681;Tgeuketske;;;;;;;;;;;;;x
PROV1682;Bab;;;;;;;;;;;;;x
PROV1683;Zoöd;;;;;;;;;;;;;x
PROV1684;Dumneërm;;;;;;;;;;;;;x
PROV1685;Zarza;;;;;;;;;;;;;x
PROV1686;Dennå;;;;;;;;;;;;;x
PROV1687;Göpe;;;;;;;;;;;;;x
PROV1688;Bebo;;;;;;;;;;;;;x
PROV1689;Böp;;;;;;;;;;;;;x
PROV1690;Dide;;;;;;;;;;;;;x
PROV1691;Gurm;;;;;;;;;;;;;x
PROV1692;Gaznpeë;;;;;;;;;;;;;x
PROV1693;Mnib;;;;;;;;;;;;;x
PROV1694;Pëju;;;;;;;;;;;;;x
PROV1695;Choörzi;;;;;;;;;;;;;x
PROV1696;Dhreih;;;;;;;;;;;;;x
PROV1697;Deirb;;;;;;;;;;;;;x
PROV1698;Bebhdoa;;;;;;;;;;;;;x
PROV1699;Dhroazd;;;;;;;;;;;;;x
PROV1700;Ushoö;;;;;;;;;;;;;x
PROV1701;Deëz;;;;;;;;;;;;;x
PROV1702;Nëbeëpi;;;;;;;;;;;;;x
PROV1703;Ruju;;;;;;;;;;;;;x
PROV1704;Bëd;;;;;;;;;;;;;x
PROV1705;Zeid;;;;;;;;;;;;;x
PROV1706;Hoan;;;;;;;;;;;;;x
PROV1707;Shabhdoarsho;;;;;;;;;;;;;x
PROV1708;Shrenzoa;;;;;;;;;;;;;x
PROV1709;Bhroabur;;;;;;;;;;;;;x
PROV1710;Hrnurdhir;;;;;;;;;;;;;x
PROV1711;Zehe;;;;;;;;;;;;;x
PROV1712;Shbazrd;;;;;;;;;;;;;x
PROV1713;Ardho;;;;;;;;;;;;;x
PROV1714;Zebird;;;;;;;;;;;;;x
PROV1715;Joöshu;;;;;;;;;;;;;x
PROV1716;Poöshdzur;;;;;;;;;;;;;x
PROV1717;Ujoöde;;;;;;;;;;;;;x
PROV1718;Qudb;;;;;;;;;;;;;x
PROV1719;Neëb;;;;;;;;;;;;;x
PROV1720;Mnënd;;;;;;;;;;;;;x
PROV1721;Garzörë;;;;;;;;;;;;;x
PROV1722;Joöq;;;;;;;;;;;;;x
PROV1723;Taen;;;;;;;;;;;;;x
PROV1724;Mnab;;;;;;;;;;;;;x
PROV1725;Reëm;;;;;;;;;;;;;x
PROV1726;Bare;;;;;;;;;;;;;x
PROV1727;Dashdzam;;;;;;;;;;;;;x
PROV1728;Qośhö;;;;;;;;;;;;;x
PROV1729;Dyaugg;;;;;;;;;;;;;x
PROV1730;Poödb;;;;;;;;;;;;;x
PROV1731;Reëju;;;;;;;;;;;;;x
PROV1732;Durm;;;;;;;;;;;;;x
PROV1733;Qeëp;;;;;;;;;;;;;x
PROV1734;Pëdu;;;;;;;;;;;;;x
PROV1735;Rëjö;;;;;;;;;;;;;x
PROV1736;Odhba;;;;;;;;;;;;;x
PROV1737;Nibeëpi;;;;;;;;;;;;;x
PROV1738;Chośhod;;;;;;;;;;;;;x
PROV1739;Qödz;;;;;;;;;;;;;x
PROV1740;Dëri;;;;;;;;;;;;;x
PROV1741;Nujö;;;;;;;;;;;;;x
PROV1742;Jësheëśho;;;;;;;;;;;;;x
PROV1743;Gënd;;;;;;;;;;;;;x
PROV1744;Ryayfsaaf;;;;;;;;;;;;;x
PROV1745;Redza;;;;;;;;;;;;;x
PROV1746;Chëq;;;;;;;;;;;;;x
PROV1747;Zöm;;;;;;;;;;;;;x
PROV1748;Izoö;;;;;;;;;;;;;x
PROV1749;Zeëshum;;;;;;;;;;;;;x
PROV1750;Hun;;;;;;;;;;;;;x
PROV1751;Njinye;;;;;;;;;;;;;x
PROV1752;Mress;;;;;;;;;;;;;x
PROV1753;Garoshed;;;;;;;;;;;;;x
PROV1754;Bʻowa;;;;;;;;;;;;;x
PROV1755;Dzeda;;;;;;;;;;;;;x
PROV1756;Abab;;;;;;;;;;;;;x
PROV1757;Duwa;;;;;;;;;;;;;x
PROV1758;Nimö;;;;;;;;;;;;;x
PROV1759;Doutbon;;;;;;;;;;;;;x
PROV1760;Gödza;;;;;;;;;;;;;x
PROV1761;Chishud;;;;;;;;;;;;;x
PROV1762;Nent;;;;;;;;;;;;;x
PROV1763;Giśha;;;;;;;;;;;;;x
PROV1764;D'jour;;;;;;;;;;;;;x
PROV1765;Hkaku;;;;;;;;;;;;;x
PROV1766;Gauhaags;;;;;;;;;;;;;x
PROV1767;Nödb;;;;;;;;;;;;;x
PROV1768;Rëdzë;;;;;;;;;;;;;x
PROV1769;Ipodza;;;;;;;;;;;;;x
PROV1770;Hkaakya;;;;;;;;;;;;;x
PROV1771;Hyiehyvid;;;;;;;;;;;;;x
PROV1772;Hieka;;;;;;;;;;;;;x
PROV1773;Fuvyka;;;;;;;;;;;;;x
PROV1774;Rygaas;;;;;;;;;;;;;x
PROV1775;Rykiyaasrv;;;;;;;;;;;;;x
PROV1776;Ghaudirf;;;;;;;;;;;;;x
PROV1777;Tutyau;;;;;;;;;;;;;x
PROV1778;Ryksauyfsaav;;;;;;;;;;;;;x
PROV1779;Rygaavka;;;;;;;;;;;;;x
PROV1780;Rausa;;;;;;;;;;;;;x
PROV1781;Ieva;;;;;;;;;;;;;x
PROV1782;Huhyaa;;;;;;;;;;;;;x
PROV1783;Khrad;;;;;;;;;;;;;x
PROV1784;Ryafa;;;;;;;;;;;;;x
PROV1785;Hyvaf;;;;;;;;;;;;;x
PROV1786;Ghagrsk;;;;;;;;;;;;;x
PROV1787;Kautyaar;;;;;;;;;;;;;x
PROV1788;Tyksavaa;;;;;;;;;;;;;x
PROV1789;Ryakur;;;;;;;;;;;;;x
PROV1790;Graas;;;;;;;;;;;;;x
PROV1791;Ryksauhvaav;;;;;;;;;;;;;x
PROV1792;Hyiev;;;;;;;;;;;;;x
PROV1793;Git;;;;;;;;;;;;;x
PROV1794;Hyvaafksat;;;;;;;;;;;;;x
PROV1795;Khrauvaa;;;;;;;;;;;;;x
PROV1796;Hykauhyusk;;;;;;;;;;;;;x
PROV1797;Rykaavks;;;;;;;;;;;;;x
PROV1798;Hkuyau;;;;;;;;;;;;;x
PROV1799;Dyivkika;;;;;;;;;;;;;x
PROV1800;Kyrif;;;;;;;;;;;;;x
PROV1801;Ryksafrie;;;;;;;;;;;;;x
PROV1802;Hykietyaahyar;;;;;;;;;;;;;x
PROV1803;Hkurf;;;;;;;;;;;;;x
PROV1804;Ryksaukaakyrsi;;;;;;;;;;;;;x
PROV1805;Tyadaavrau;;;;;;;;;;;;;x
PROV1806;Hyaks;;;;;;;;;;;;;x
PROV1807;Hyiegyrsie;;;;;;;;;;;;;x
PROV1808;Hkaavsk;;;;;;;;;;;;;x
PROV1809;Gyrivrsk;;;;;;;;;;;;;x
PROV1810;Daataa;;;;;;;;;;;;;x
PROV1811;Gaaf;;;;;;;;;;;;;x
PROV1812;Gyakie;;;;;;;;;;;;;x
PROV1813;Dzuna;;;;;;;;;;;;;x
PROV1814;Ouir;;;;;;;;;;;;;x
PROV1815;Tʻhodont;;;;;;;;;;;;;x
PROV1816;Huhrumif;;;;;;;;;;;;;x
PROV1817;Göshëz;;;;;;;;;;;;;x
PROV1818;Eëdaz;;;;;;;;;;;;;x
PROV1819;Ëśhoö;;;;;;;;;;;;;x
PROV1820;Tohour;;;;;;;;;;;;;x
PROV1821;Ouzu;;;;;;;;;;;;;x
PROV1822;Dʻjadt;;;;;;;;;;;;;x
PROV1823;Megha;;;;;;;;;;;;;x
PROV1824;Odumsi;;;;;;;;;;;;;x
PROV1825;Forob;;;;;;;;;;;;;x
PROV1826;Hate;;;;;;;;;;;;;x
PROV1827;Dughu;;;;;;;;;;;;;x
PROV1828;Tʻhefor;;;;;;;;;;;;;x
PROV1829;Deti;;;;;;;;;;;;;x
PROV1830;Timso;;;;;;;;;;;;;x
PROV1831;Bʻouthouigga;;;;;;;;;;;;;x
PROV1832;Kimiht;;;;;;;;;;;;;x
PROV1833;Mʻhouimsi;;;;;;;;;;;;;x
PROV1834;Tuthe;;;;;;;;;;;;;x
PROV1835;Tʻhouwu;;;;;;;;;;;;;x
PROV1836;Dʻjoʻi;;;;;;;;;;;;;x
PROV1837;Tʻhof;;;;;;;;;;;;;x
PROV1838;Konou;;;;;;;;;;;;;x
PROV1839;Bouith;;;;;;;;;;;;;x
PROV1840;Otem;;;;;;;;;;;;;x
PROV1841;Mʻhum;;;;;;;;;;;;;x
PROV1842;Douif;;;;;;;;;;;;;x
PROV1843;Ute;;;;;;;;;;;;;x
PROV1844;Rajom;;;;;;;;;;;;;x
PROV1845;Bʻatou;;;;;;;;;;;;;x
PROV1846;Mʻhidt;;;;;;;;;;;;;x
PROV1847;Mʻhewou;;;;;;;;;;;;;x
PROV1848;Fouht;;;;;;;;;;;;;x
PROV1849;Kunoth;;;;;;;;;;;;;x
PROV1850;Dufou;;;;;;;;;;;;;x
PROV1851;Rykaug;;;;;;;;;;;;;x
PROV1852;Dauyrsisrf;;;;;;;;;;;;;x
PROV1853;Aahiryisrk;;;;;;;;;;;;;x
PROV1854;Raht;;;;;;;;;;;;;x
PROV1855;Dʻjatbuzont;;;;;;;;;;;;;x
PROV1856;Mʻhouifa;;;;;;;;;;;;;x
PROV1857;Dezount;;;;;;;;;;;;;x
PROV1858;Touigit;;;;;;;;;;;;;x
PROV1859;Eʻodt;;;;;;;;;;;;;x
PROV1860;Kiegyrsaar;;;;;;;;;;;;;x
PROV1861;Dʻjizot;;;;;;;;;;;;;x
PROV1862;Bʻago;;;;;;;;;;;;;x
PROV1863;Siesrv;;;;;;;;;;;;;x
PROV1864;Kyraurv;;;;;;;;;;;;;x
PROV1865;Tuks;;;;;;;;;;;;;x
PROV1866;Amou;;;;;;;;;;;;;x
PROV1867;Mʻhouin;;;;;;;;;;;;;x
PROV1868;Toage;;;;;;;;;;;;;x
PROV1869;Mʻhouf;;;;;;;;;;;;;x
PROV1870;Dʻjaht;;;;;;;;;;;;;x
PROV1871;Nofur;;;;;;;;;;;;;x
PROV1872;Refam;;;;;;;;;;;;;x
PROV1873;Ghurv;;;;;;;;;;;;;x
PROV1874;Taafraavsk;;;;;;;;;;;;;x
PROV1875;Gyausrv;;;;;;;;;;;;;x
PROV1876;Rukv;;;;;;;;;;;;;x
PROV1877;Hug’o;;;;;;;;;;;;;x
PROV1878;Maw;;;;;;;;;;;;;x
PROV1879;Zob’d’a;;;;;;;;;;;;;x
PROV1880;Mfakusy;;;;;;;;;;;;;x
PROV1881;Nchunah;;;;;;;;;;;;;x
PROV1882;Inchent;;;;;;;;;;;;;x
PROV1883;Aop;;;;;;;;;;;;;x
PROV1884;Nggib’om;;;;;;;;;;;;;x
PROV1885;Nzumru;;;;;;;;;;;;;x
PROV1886;Pem;;;;;;;;;;;;;x
PROV1887;Mche;;;;;;;;;;;;;x
PROV1888;Mstet;;;;;;;;;;;;;x
PROV1889;Zem;;;;;;;;;;;;;x
PROV1890;D’eh;;;;;;;;;;;;;x
PROV1891;Swiku;;;;;;;;;;;;;x
PROV1892;Swo;;;;;;;;;;;;;x
PROV1893;Ndep;;;;;;;;;;;;;x
PROV1894;Shasu;;;;;;;;;;;;;x
PROV1895;Ata;;;;;;;;;;;;;x
PROV1896;Poh;;;;;;;;;;;;;x
PROV1897;Zeg̊;;;;;;;;;;;;;x
PROV1898;Swont;;;;;;;;;;;;;x
PROV1899;Mvig̊;;;;;;;;;;;;;x
PROV1900;Mstet;;;;;;;;;;;;;x
PROV1901;Prarch;;;;;;;;;;;;;x
PROV1902;Mtimar;;;;;;;;;;;;;x
PROV1903;Mzanggont;;;;;;;;;;;;;x
PROV1904;G̊affa;;;;;;;;;;;;;x
PROV1905;Mvess;;;;;;;;;;;;;x
PROV1906;Hur;;;;;;;;;;;;;x
PROV1907;Mkent;;;;;;;;;;;;;x
PROV1908;Kupu;;;;;;;;;;;;;x
PROV1909;Zah;;;;;;;;;;;;;x
PROV1910;Man;;;;;;;;;;;;;x
PROV1911;Hinseo;;;;;;;;;;;;;x
PROV1912;Dhore;;;;;;;;;;;;;x
PROV1913;Mstindah;;;;;;;;;;;;;x
PROV1914;Pasit;;;;;;;;;;;;;x
PROV1915;Nzot;;;;;;;;;;;;;x
PROV1916;Aincha;;;;;;;;;;;;;x
PROV1917;Nyut;;;;;;;;;;;;;x
PROV1918;Ej'u;;;;;;;;;;;;;x
PROV1919;D’ur;;;;;;;;;;;;;x
PROV1920;Mshumu;;;;;;;;;;;;;x
PROV1921;Mj’op;;;;;;;;;;;;;x
PROV1922;Foh;;;;;;;;;;;;;x
PROV1923;Chukwa;;;;;;;;;;;;;x
PROV1924;Thint;;;;;;;;;;;;;x
PROV1925;Ndur;;;;;;;;;;;;;x
PROV1926;J’on;;;;;;;;;;;;;x
PROV1927;Sekum;;;;;;;;;;;;;x
PROV1928;J'akh;;;;;;;;;;;;;x
PROV1929;Tent;;;;;;;;;;;;;x
PROV1930;Tug̊;;;;;;;;;;;;;x
PROV1931;Hor;;;;;;;;;;;;;x
PROV1932;Mfeya;;;;;;;;;;;;;x
PROV1933;Usy;;;;;;;;;;;;;x
PROV1934;Mvatty;;;;;;;;;;;;;x
PROV1935;Ndirnem;;;;;;;;;;;;;x
PROV1936;Mkup;;;;;;;;;;;;;x
PROV1937;Mshag̊;;;;;;;;;;;;;x
PROV1938;Swid’ew;;;;;;;;;;;;;x
PROV1939;Nyukut;;;;;;;;;;;;;x
PROV1940;B’ag̊istan;;;;;;;;;;;;;x
PROV1941;Pitsaa;;;;;;;;;;;;;x
PROV1942;Miirnur;;;;;;;;;;;;;x
PROV1943;Angii;;;;;;;;;;;;;x
PROV1944;Uurngiik;;;;;;;;;;;;;x
PROV1945;Baankaa;;;;;;;;;;;;;x
PROV1946;Viqquu;;;;;;;;;;;;;x
PROV1947;Dumuu;;;;;;;;;;;;;x
PROV1948;Vaap;;;;;;;;;;;;;x
PROV1949;Padug;;;;;;;;;;;;;x
PROV1950;Sirpaa;;;;;;;;;;;;;x
PROV1951;Usuu;;;;;;;;;;;;;x
PROV1952;Kanguqsa;;;;;;;;;;;;;x
PROV1953;Babi;;;;;;;;;;;;;x
PROV1954;Iirmankaa;;;;;;;;;;;;;x
PROV1955;Giiv;;;;;;;;;;;;;x
PROV1956;Jaaniik;;;;;;;;;;;;;x
PROV1957;Hippi;;;;;;;;;;;;;x
PROV1958;Uummut;;;;;;;;;;;;;x
PROV1959;Juutqaa;;;;;;;;;;;;;x
PROV1960;Duk;;;;;;;;;;;;;x
PROV1961;Nguuq;;;;;;;;;;;;;x
PROV1962;Qaataa;;;;;;;;;;;;;x
PROV1963;Qaatii;;;;;;;;;;;;;x
PROV1964;Ngag;;;;;;;;;;;;;x
PROV1965;Siit;;;;;;;;;;;;;x
PROV1966;Kaqka;;;;;;;;;;;;;x
PROV1967;Hiik;;;;;;;;;;;;;x
PROV1968;Danat;;;;;;;;;;;;;x
PROV1969;Gituu;;;;;;;;;;;;;x
PROV1970;Diimuu;;;;;;;;;;;;;x
PROV1971;Niikniirrud;;;;;;;;;;;;;x
PROV1972;Kaaup;;;;;;;;;;;;;x
PROV1973;Iiqtiid;;;;;;;;;;;;;x
PROV1974;Daaggaa;;;;;;;;;;;;;x
PROV1975;Baaip;;;;;;;;;;;;;x
PROV1976;Jaas;;;;;;;;;;;;;x
PROV1977;Nginid;;;;;;;;;;;;;x
PROV1978;Dirkkuu;;;;;;;;;;;;;x
PROV1979;Biggu;;;;;;;;;;;;;x
PROV1980;Nguqian;;;;;;;;;;;;;x
PROV1981;Unaa;;;;;;;;;;;;;x
PROV1982;Iiqsiiq;;;;;;;;;;;;;x
PROV1983;Sittut;;;;;;;;;;;;;x
PROV1984;Inuu;;;;;;;;;;;;;x
PROV1985;Ngiisus;;;;;;;;;;;;;x
PROV1986;Jinu;;;;;;;;;;;;;x
PROV1987;Kiknukpiq;;;;;;;;;;;;;x
PROV1988;Taatquu;;;;;;;;;;;;;x
PROV1989;Gar;;;;;;;;;;;;;x
PROV1990;Iippi;;;;;;;;;;;;;x
PROV1991;Huvir;;;;;;;;;;;;;x
PROV1992;Itsaa;;;;;;;;;;;;;x
PROV1993;Hujaav;;;;;;;;;;;;;x
PROV1994;Uvir;;;;;;;;;;;;;x
PROV1995;Mav;;;;;;;;;;;;;x
PROV1996;Ngistaa;;;;;;;;;;;;;x
PROV1997;Aammii;;;;;;;;;;;;;x
PROV1998;Aagi;;;;;;;;;;;;;x
PROV1999;Guuk;;;;;;;;;;;;;x
PROV2000;Disa;;;;;;;;;;;;;x
PROV2001;Fiʝos;;;;;;;;;;;;;x
PROV2002;Pat;;;;;;;;;;;;;x
PROV2003;Peʝes;;;;;;;;;;;;;x
PROV2004;Wɔfɔf;;;;;;;;;;;;;x
PROV2005;Sipdish Isles;;;;;;;;;;;;;x
PROV2006;Ptudg;;;;;;;;;;;;;x
PROV2007;Khito;;;;;;;;;;;;;x
PROV2008;Ruwosɔ;;;;;;;;;;;;;x
PROV2009;Chewta;;;;;;;;;;;;;x
PROV2010;Pifi;;;;;;;;;;;;;x
PROV2011;Ttʻapjʻanm;;;;;;;;;;;;;x
PROV2012;Mfjʻagsʻatpjʻa;;;;;;;;;;;;;x
PROV2013;Ttʻagsʻakhs;;;;;;;;;;;;;x
PROV2014;Jʻatpjʻaspt;;;;;;;;;;;;;x
PROV2015;Trʻaphjʻabbʻatg;;;;;;;;;;;;;x
PROV2016;Dtʻajjʻaphjʻabb;;;;;;;;;;;;;x
PROV2017;ʻAthʻafchfʻatg;;;;;;;;;;;;;x
PROV2018;Dfjʻagsʻatg;;;;;;;;;;;;;x
PROV2019;Psʻajjʻabb;;;;;;;;;;;;;x
PROV2020;Wmʻafchfʻanm;;;;;;;;;;;;;x
PROV2021;Ttʻaʻappht;;;;;;;;;;;;;x
PROV2022;Wmʻaphjʻaggchʻath;;;;;;;;;;;;;x
PROV2023;Gtjʻajjʻaz;;;;;;;;;;;;;x
PROV2024;ʻAtpjʻasb;;;;;;;;;;;;;x
PROV2025;Jʻasksʻapjʻa;;;;;;;;;;;;;x
PROV2026;Ttʻathʻaspt;;;;;;;;;;;;;x
PROV2027;Chʻaphjʻakhs;;;;;;;;;;;;;x
PROV2028;Mhmʻafchfʻabb;;;;;;;;;;;;;x
PROV2029;Dtʻagsʻathʻath;;;;;;;;;;;;;x
PROV2030;Trʻajjʻakhs;;;;;;;;;;;;;x
PROV2031;Gtjʻabbʻaggchʻa;;;;;;;;;;;;;x
PROV2032;Gtjʻapjʻajjʻappht;;;;;;;;;;;;;x
PROV2033;Trʻathʻajjʻakhs;;;;;;;;;;;;;x
PROV2034;Dtʻagsʻatg;;;;;;;;;;;;;x
PROV2035;Ptjʻapjʻafchfʻakhs;;;;;;;;;;;;;x
PROV2036;Whʻafchfʻajjʻasb;;;;;;;;;;;;;x
PROV2037;ʻAthʻammʻapjp;;;;;;;;;;;;;x
PROV2038;Mjhmʻaʻasb;;;;;;;;;;;;;x
PROV2039;Dtʻathʻathʻa;;;;;;;;;;;;;x
PROV2040;Ttʻammʻabbʻa;;;;;;;;;;;;;x
PROV2041;Wmʻathʻakhs;;;;;;;;;;;;;x
PROV2042;Gtjʻagsʻappht;;;;;;;;;;;;;x
PROV2043;Dtʻaphjʻaspt;;;;;;;;;;;;;x
PROV2044;Mfjʻafchfʻappht;;;;;;;;;;;;;x
PROV2045;ʻAthʻajs;;;;;;;;;;;;;x
PROV2046;ʻAmmʻathʻanm;;;;;;;;;;;;;x
PROV2047;Trʻathʻakhs;;;;;;;;;;;;;x
PROV2048;Psʻasksʻatg;;;;;;;;;;;;;x
PROV2049;Jʻasksʻasksʻa;;;;;;;;;;;;;x
PROV2050;Ttʻafchfʻafchfʻanm;;;;;;;;;;;;;x
PROV2051;Mhmʻafchfʻammʻa;;;;;;;;;;;;;x
PROV2052;Dtʻasksʻakhs;;;;;;;;;;;;;x
PROV2053;Thʻatpjʻaspt;;;;;;;;;;;;;x
PROV2054;Wmʻaʻann;;;;;;;;;;;;;x
PROV2055;Dfjʻathʻaspt;;;;;;;;;;;;;x
PROV2056;Whʻammʻathʻa;;;;;;;;;;;;;x
PROV2057;Whʻagsʻasb;;;;;;;;;;;;;x
PROV2058;Dtʻapjʻafchfʻaspt;;;;;;;;;;;;;x
PROV2059;Mfjʻasksʻarz;;;;;;;;;;;;;x
PROV2060;Jʻasksʻanm;;;;;;;;;;;;;x
PROV2061;ʻAmmʻapjp;;;;;;;;;;;;;x
PROV2062;Dfjʻapjʻath;;;;;;;;;;;;;x
PROV2063;ʻAfchfʻarz;;;;;;;;;;;;;x
PROV2064;Whʻathʻagsʻa;;;;;;;;;;;;;x
PROV2065;Ttʻagsʻaz;;;;;;;;;;;;;x
PROV2066;Whʻabbʻajjʻa;;;;;;;;;;;;;x
PROV2067;Chʻabbʻabbʻatg;;;;;;;;;;;;;x
PROV2068;ʻAggchʻagsʻath;;;;;;;;;;;;;x
PROV2069;Aepiesa;;;;;;;;;;;;;x
PROV2070;Asfo;;;;;;;;;;;;;x
PROV2071;Epoe;;;;;;;;;;;;;x
PROV2072;Uemae;;;;;;;;;;;;;x
PROV2073;Fofieg;;;;;;;;;;;;;x
PROV2074;Tgetes;;;;;;;;;;;;;x
PROV2075;Oefahe;;;;;;;;;;;;;x
PROV2076;Nanue;;;;;;;;;;;;;x
PROV2077;Hapa;;;;;;;;;;;;;x
PROV2078;Pagadh;;;;;;;;;;;;;x
PROV2079;Uefae;;;;;;;;;;;;;x
PROV2080;Aevoe;;;;;;;;;;;;;x
PROV2081;Hgiehiefaedh;;;;;;;;;;;;;x
PROV2082;Nied;;;;;;;;;;;;;x
PROV2083;Atue;;;;;;;;;;;;;x
PROV2084;Fabif;;;;;;;;;;;;;x
PROV2085;Hgipa;;;;;;;;;;;;;x
PROV2086;Uepae;;;;;;;;;;;;;x
PROV2087;Oemigst;;;;;;;;;;;;;x
PROV2088;Hapue;;;;;;;;;;;;;x
PROV2089;Paeshejg;;;;;;;;;;;;;x
PROV2090;Buebaej;;;;;;;;;;;;;x
PROV2091;Fabtued;;;;;;;;;;;;;x
PROV2092;Muefue;;;;;;;;;;;;;x
PROV2093;Notu;;;;;;;;;;;;;x
PROV2094;Tgen;;;;;;;;;;;;;x
PROV2095;Hemmoes;;;;;;;;;;;;;x
PROV2096;Gjùmeoj;;;;;;;;;;;;;x
PROV2097;Jeopajùb;;;;;;;;;;;;;x
PROV2098;Paed;;;;;;;;;;;;;x
PROV2099;Kyeba;;;;;;;;;;;;;x
PROV2100;Hoedh;;;;;;;;;;;;;x
PROV2101;Pgegst;;;;;;;;;;;;;x
PROV2102;Aefae;;;;;;;;;;;;;x
PROV2103;Ospmas;;;;;;;;;;;;;x
PROV2104;Suewʻijg;;;;;;;;;;;;;x
PROV2105;Sògùn;;;;;;;;;;;;;x
PROV2106;Piet;;;;;;;;;;;;;x
PROV2107;Nyegjù;;;;;;;;;;;;;x
PROV2108;Nibue;;;;;;;;;;;;;x
PROV2109;Oemma;;;;;;;;;;;;;x
PROV2110;Dëshdzin;;;;;;;;;;;;;x
PROV2111;Jojoödb;;;;;;;;;;;;;x
PROV2112;Zeëdz;;;;;;;;;;;;;x
PROV2113;Gëshdzen;;;;;;;;;;;;;x
PROV2114;Eper;;;;;;;;;;;;;x
PROV2115;Mëdeë;;;;;;;;;;;;;x
PROV2116;Jëznpushud;;;;;;;;;;;;;x
PROV2117;Roöp;;;;;;;;;;;;;x
PROV2118;Chushëdz;;;;;;;;;;;;;x
PROV2119;Ban;;;;;;;;;;;;;x
PROV2120;Jiwo;;;;;;;;;;;;;x
PROV2121;Hechyhju;;;;;;;;;;;;;x
PROV2122;Pinit;;;;;;;;;;;;;x
PROV2123;Pgit;;;;;;;;;;;;;x
PROV2124;Haeh;;;;;;;;;;;;;x
PROV2125;Pjaew;;;;;;;;;;;;;x
PROV2126;Nuep;;;;;;;;;;;;;x
PROV2127;Jʻib;;;;;;;;;;;;;x
PROV2128;Gepo;;;;;;;;;;;;;x
PROV2129;Kùjg;;;;;;;;;;;;;x
PROV2130;Nònjò;;;;;;;;;;;;;x
PROV2131;Pjae;;;;;;;;;;;;;x
PROV2132;Gamed;;;;;;;;;;;;;x
PROV2133;Peow;;;;;;;;;;;;;x
PROV2134;Jyenu;;;;;;;;;;;;;x
PROV2135;Buenjed;;;;;;;;;;;;;x
PROV2136;Gugi;;;;;;;;;;;;;x
PROV2137;Nin;;;;;;;;;;;;;x
PROV2138;Owòn;;;;;;;;;;;;;x
PROV2139;Kijnd;;;;;;;;;;;;;x
PROV2140;Tzouj;;;;;;;;;;;;;x
PROV2141;Yʻtadhai;;;;;;;;;;;;;x
PROV2142;Dādoun;;;;;;;;;;;;;x
PROV2143;Kokou;;;;;;;;;;;;;x
PROV2144;Tzor;;;;;;;;;;;;;x
PROV2145;Yʻteo;;;;;;;;;;;;;x
PROV2146;Thrik;;;;;;;;;;;;;x
PROV2147;Redz;;;;;;;;;;;;;x
PROV2148;Zuam;;;;;;;;;;;;;x
PROV2149;Vizh;;;;;;;;;;;;;x
PROV2150;Thedhon;;;;;;;;;;;;;x
PROV2151;Druas;;;;;;;;;;;;;x
PROV2152;Dhuza;;;;;;;;;;;;;x
PROV2153;Chaum;;;;;;;;;;;;;x
PROV2154;Mezhauw;;;;;;;;;;;;;x
PROV2155;Dezhduoch;;;;;;;;;;;;;x
PROV2156;Seshethdua;;;;;;;;;;;;;x
PROV2157;Fuog;;;;;;;;;;;;;x
PROV2158;Zhkun;;;;;;;;;;;;;x
PROV2159;Uow;;;;;;;;;;;;;x
PROV2160;Wriedrath;;;;;;;;;;;;;x
PROV2161;Dhruo;;;;;;;;;;;;;x
PROV2162;Muzko;;;;;;;;;;;;;x
PROV2163;Chak;;;;;;;;;;;;;x
PROV2164;Roujdiehwu;;;;;;;;;;;;;x
PROV2165;Moud;;;;;;;;;;;;;x
PROV2166;Shan;;;;;;;;;;;;;x
PROV2167;Tham;;;;;;;;;;;;;x
PROV2168;Sufraumn;;;;;;;;;;;;;x
PROV2169;Kaungech;;;;;;;;;;;;;x
PROV2170;Shrean;;;;;;;;;;;;;x
PROV2171;Wraudz;;;;;;;;;;;;;x
PROV2172;Dhuzhihw;;;;;;;;;;;;;x
PROV2173;Zhouv;;;;;;;;;;;;;x
PROV2174;Hwemef;;;;;;;;;;;;;x
PROV2175;Tawang;;;;;;;;;;;;;x
PROV2176;Nguw;;;;;;;;;;;;;x
PROV2177;Shras;;;;;;;;;;;;;x
PROV2178;Fung;;;;;;;;;;;;;x
PROV2179;Sauzhdie;;;;;;;;;;;;;x
PROV2180;Wiengoummau;;;;;;;;;;;;;x
PROV2181;Fucho;;;;;;;;;;;;;x
PROV2182;Faztu;;;;;;;;;;;;;x
PROV2183;Kant;;;;;;;;;;;;;x
PROV2184;Dhroumn;;;;;;;;;;;;;x
PROV2185;Zhkuadhdi;;;;;;;;;;;;;x
PROV2186;Zkea;;;;;;;;;;;;;x
PROV2187;Wiezhtauta;;;;;;;;;;;;;x
PROV2188;Gyej;;;;;;;;;;;;;x
PROV2189;Mued;;;;;;;;;;;;;x
PROV2190;Ośhedzeëb;;;;;;;;;;;;;x
PROV2191;Reërq;;;;;;;;;;;;;x
PROV2192;Aśhe;;;;;;;;;;;;;x
PROV2193;Ugi;;;;;;;;;;;;;x
PROV2194;Iman;;;;;;;;;;;;;x
PROV2195;Fodh;;;;;;;;;;;;;x
PROV2196;Pgube-Pi;;;;;;;;;;;;;x
PROV2197;Poefue;;;;;;;;;;;;;x
PROV2198;Bommaef;;;;;;;;;;;;;x
PROV2199;Hod;;;;;;;;;;;;;x
PROV2200;Gibtasfu;;;;;;;;;;;;;x
PROV2201;Upue;;;;;;;;;;;;;x
PROV2202;Taspma;;;;;;;;;;;;;x
PROV2203;Begst;;;;;;;;;;;;;x
PROV2204;Iemes;;;;;;;;;;;;;x
PROV2205;Giep;;;;;;;;;;;;;x
PROV2206;Esoespma;;;;;;;;;;;;;x
PROV2207;Hammoebos;;;;;;;;;;;;;x
PROV2208;Tuemaet;;;;;;;;;;;;;x
PROV2209;Gub-Fosoe;;;;;;;;;;;;;x
PROV2210;Huespmit;;;;;;;;;;;;;x
PROV2211;Pgape;;;;;;;;;;;;;x
PROV2212;Aho;;;;;;;;;;;;;x
PROV2213;Gegin;;;;;;;;;;;;;x
PROV2214;Gjòn;;;;;;;;;;;;;x
PROV2215;Bied;;;;;;;;;;;;;x
PROV2216;Buesfiet;;;;;;;;;;;;;x
PROV2217;Dongu;;;;;;;;;;;;;x
PROV2218;Thuach;;;;;;;;;;;;;x
PROV2219;Dhomn;;;;;;;;;;;;;x
PROV2220;Dzehw;;;;;;;;;;;;;x
PROV2221;Zhuash;;;;;;;;;;;;;x
PROV2222;Muag;;;;;;;;;;;;;x
PROV2223;Ruozh;;;;;;;;;;;;;x
PROV2224;Zhkuad;;;;;;;;;;;;;x
PROV2225;Thauchau;;;;;;;;;;;;;x
PROV2226;Dhekehwea;;;;;;;;;;;;;x
PROV2227;Hwef;;;;;;;;;;;;;x
PROV2228;Freathdoung;;;;;;;;;;;;;x
PROV2229;Dauzhuzh;;;;;;;;;;;;;x
PROV2230;Dhuad;;;;;;;;;;;;;x
PROV2231;Gefu;;;;;;;;;;;;;x
PROV2232;Wrouthdie;;;;;;;;;;;;;x
PROV2233;Zhuze;;;;;;;;;;;;;x
PROV2234;Suzkedz;;;;;;;;;;;;;x
PROV2235;Thufre;;;;;;;;;;;;;x
PROV2236;Diehw;;;;;;;;;;;;;x
PROV2237;Chemn;;;;;;;;;;;;;x
PROV2238;Mrou;;;;;;;;;;;;;x
PROV2239;Mezi;;;;;;;;;;;;;x
PROV2240;Vezhtedhdou;;;;;;;;;;;;;x
PROV2241;Rouzhokshie;;;;;;;;;;;;;x
PROV2242;Thissou;;;;;;;;;;;;;x
PROV2243;Riemie;;;;;;;;;;;;;x
PROV2244;Dhiewu;;;;;;;;;;;;;x  ##### BODIES OF WATER BELOW #######
PROV2245;X;;;;;;;;;;;;;x
PROV2246;X;;;;;;;;;;;;;x
PROV2247;X;;;;;;;;;;;;;x
PROV2248;X;;;;;;;;;;;;;x
PROV2249;X;;;;;;;;;;;;;x
PROV2250;X;;;;;;;;;;;;;x
PROV2251;X;;;;;;;;;;;;;x
PROV2252;X;;;;;;;;;;;;;x
PROV2253;X;;;;;;;;;;;;;x
PROV2254;X;;;;;;;;;;;;;x
PROV2255;X;;;;;;;;;;;;;x
PROV2256;X;;;;;;;;;;;;;x
PROV2257;X;;;;;;;;;;;;;x
PROV2258;X;;;;;;;;;;;;;x
PROV2259;X;;;;;;;;;;;;;x
PROV2260;X;;;;;;;;;;;;;x
PROV2261;X;;;;;;;;;;;;;x
PROV2262;X;;;;;;;;;;;;;x
PROV2263;X;;;;;;;;;;;;;x
PROV2264;X;;;;;;;;;;;;;x
PROV2265;X;;;;;;;;;;;;;x
PROV2266;X;;;;;;;;;;;;;x
PROV2267;X;;;;;;;;;;;;;x
PROV2268;X;;;;;;;;;;;;;x
PROV2269;X;;;;;;;;;;;;;x
PROV2270;X;;;;;;;;;;;;;x
PROV2271;X;;;;;;;;;;;;;x
PROV2272;X;;;;;;;;;;;;;x
PROV2273;X;;;;;;;;;;;;;x
PROV2274;X;;;;;;;;;;;;;x
PROV2275;X;;;;;;;;;;;;;x
PROV2276;X;;;;;;;;;;;;;x
PROV2277;X;;;;;;;;;;;;;x
PROV2278;X;;;;;;;;;;;;;x
PROV2279;X;;;;;;;;;;;;;x
PROV2280;X;;;;;;;;;;;;;x
PROV2281;X;;;;;;;;;;;;;x
PROV2282;X;;;;;;;;;;;;;x
PROV2283;X;;;;;;;;;;;;;x
PROV2284;X;;;;;;;;;;;;;x
PROV2285;X;;;;;;;;;;;;;x
PROV2286;X;;;;;;;;;;;;;x
PROV2287;X;;;;;;;;;;;;;x
PROV2288;X;;;;;;;;;;;;;x
PROV2289;X;;;;;;;;;;;;;x
PROV2290;X;;;;;;;;;;;;;x
PROV2291;X;;;;;;;;;;;;;x
PROV2292;X;;;;;;;;;;;;;x
PROV2293;X;;;;;;;;;;;;;x
PROV2294;X;;;;;;;;;;;;;x
PROV2295;X;;;;;;;;;;;;;x
PROV2296;X;;;;;;;;;;;;;x
PROV2297;X;;;;;;;;;;;;;x
PROV2298;X;;;;;;;;;;;;;x
PROV2299;X;;;;;;;;;;;;;x
PROV2300;X;;;;;;;;;;;;;x
PROV2301;X;;;;;;;;;;;;;x
PROV2302;X;;;;;;;;;;;;;x
PROV2303;X;;;;;;;;;;;;;x
PROV2304;X;;;;;;;;;;;;;x
PROV2305;X;;;;;;;;;;;;;x
PROV2306;X;;;;;;;;;;;;;x
PROV2307;X;;;;;;;;;;;;;x
PROV2308;X;;;;;;;;;;;;;x
PROV2309;X;;;;;;;;;;;;;x
PROV2310;X;;;;;;;;;;;;;x
PROV2311;X;;;;;;;;;;;;;x
PROV2312;X;;;;;;;;;;;;;x
PROV2313;X;;;;;;;;;;;;;x
PROV2314;X;;;;;;;;;;;;;x
PROV2315;X;;;;;;;;;;;;;x
PROV2316;X;;;;;;;;;;;;;x
PROV2317;X;;;;;;;;;;;;;x
PROV2318;X;;;;;;;;;;;;;x
PROV2319;X;;;;;;;;;;;;;x
PROV2320;X;;;;;;;;;;;;;x
PROV2321;X;;;;;;;;;;;;;x
PROV2322;X;;;;;;;;;;;;;x
PROV2323;X;;;;;;;;;;;;;x
PROV2324;X;;;;;;;;;;;;;x
PROV2325;X;;;;;;;;;;;;;x
PROV2326;X;;;;;;;;;;;;;x
PROV2327;X;;;;;;;;;;;;;x
PROV2328;X;;;;;;;;;;;;;x
PROV2329;X;;;;;;;;;;;;;x
PROV2330;X;;;;;;;;;;;;;x
PROV2331;X;;;;;;;;;;;;;x
PROV2332;X;;;;;;;;;;;;;x
PROV2333;X;;;;;;;;;;;;;x
PROV2334;X;;;;;;;;;;;;;x
PROV2335;X;;;;;;;;;;;;;x
PROV2336;X;;;;;;;;;;;;;x
PROV2337;X;;;;;;;;;;;;;x
PROV2338;X;;;;;;;;;;;;;x
PROV2339;X;;;;;;;;;;;;;x
PROV2340;X;;;;;;;;;;;;;x
PROV2341;X;;;;;;;;;;;;;x
PROV2342;X;;;;;;;;;;;;;x
PROV2343;X;;;;;;;;;;;;;x
PROV2344;X;;;;;;;;;;;;;x
PROV2345;X;;;;;;;;;;;;;x
PROV2346;X;;;;;;;;;;;;;x
PROV2347;X;;;;;;;;;;;;;x
PROV2348;X;;;;;;;;;;;;;x
PROV2349;X;;;;;;;;;;;;;x
PROV2350;X;;;;;;;;;;;;;x
PROV2351;X;;;;;;;;;;;;;x
PROV2352;X;;;;;;;;;;;;;x
PROV2353;X;;;;;;;;;;;;;x
PROV2354;X;;;;;;;;;;;;;x
PROV2355;X;;;;;;;;;;;;;x
PROV2356;X;;;;;;;;;;;;;x
PROV2357;X;;;;;;;;;;;;;x
PROV2358;X;;;;;;;;;;;;;x
PROV2359;X;;;;;;;;;;;;;x
PROV2360;X;;;;;;;;;;;;;x
PROV2361;X;;;;;;;;;;;;;x
PROV2362;X;;;;;;;;;;;;;x
PROV2363;X;;;;;;;;;;;;;x
PROV2364;X;;;;;;;;;;;;;x
PROV2365;X;;;;;;;;;;;;;x
PROV2366;X;;;;;;;;;;;;;x
PROV2367;X;;;;;;;;;;;;;x
PROV2368;X;;;;;;;;;;;;;x
PROV2369;X;;;;;;;;;;;;;x
PROV2370;X;;;;;;;;;;;;;x
PROV2371;X;;;;;;;;;;;;;x
PROV2372;X;;;;;;;;;;;;;x
PROV2373;X;;;;;;;;;;;;;x
PROV2374;X;;;;;;;;;;;;;x
PROV2375;X;;;;;;;;;;;;;x
PROV2376;X;;;;;;;;;;;;;x
PROV2377;X;;;;;;;;;;;;;x
PROV2378;X;;;;;;;;;;;;;x
PROV2379;X;;;;;;;;;;;;;x
PROV2380;X;;;;;;;;;;;;;x
PROV2381;X;;;;;;;;;;;;;x
PROV2382;X;;;;;;;;;;;;;x
PROV2383;X;;;;;;;;;;;;;x
PROV2384;X;;;;;;;;;;;;;x
PROV2385;X;;;;;;;;;;;;;x
PROV2386;X;;;;;;;;;;;;;x
PROV2387;X;;;;;;;;;;;;;x
PROV2388;X;;;;;;;;;;;;;x
PROV2389;X;;;;;;;;;;;;;x
PROV2390;X;;;;;;;;;;;;;x
PROV2391;X;;;;;;;;;;;;;x
PROV2392;X;;;;;;;;;;;;;x
PROV2393;X;;;;;;;;;;;;;x
PROV2394;X;;;;;;;;;;;;;x
PROV2395;X;;;;;;;;;;;;;x
PROV2396;X;;;;;;;;;;;;;x
PROV2397;X;;;;;;;;;;;;;x
PROV2398;X;;;;;;;;;;;;;x
PROV2399;X;;;;;;;;;;;;;x
PROV2400;X;;;;;;;;;;;;;x
PROV2401;X;;;;;;;;;;;;;x
PROV2402;X;;;;;;;;;;;;;x
PROV2403;X;;;;;;;;;;;;;x
PROV2404;X;;;;;;;;;;;;;x
PROV2405;X;;;;;;;;;;;;;x
PROV2406;X;;;;;;;;;;;;;x
PROV2407;X;;;;;;;;;;;;;x
PROV2408;X;;;;;;;;;;;;;x
PROV2409;X;;;;;;;;;;;;;x
PROV2410;X;;;;;;;;;;;;;x
PROV2411;X;;;;;;;;;;;;;x
PROV2412;X;;;;;;;;;;;;;x
PROV2413;X;;;;;;;;;;;;;x
PROV2414;X;;;;;;;;;;;;;x
PROV2415;X;;;;;;;;;;;;;x
PROV2416;X;;;;;;;;;;;;;x
PROV2417;X;;;;;;;;;;;;;x
PROV2418;X;;;;;;;;;;;;;x
PROV2419;X;;;;;;;;;;;;;x
PROV2420;X;;;;;;;;;;;;;x
PROV2421;X;;;;;;;;;;;;;x
PROV2422;X;;;;;;;;;;;;;x
PROV2423;X;;;;;;;;;;;;;x
PROV2424;X;;;;;;;;;;;;;x
PROV2425;X;;;;;;;;;;;;;x
PROV2426;X;;;;;;;;;;;;;x
PROV2427;X;;;;;;;;;;;;;x
PROV2428;X;;;;;;;;;;;;;x
PROV2429;X;;;;;;;;;;;;;x
PROV2430;X;;;;;;;;;;;;;x
PROV2431;X;;;;;;;;;;;;;x
PROV2432;X;;;;;;;;;;;;;x
PROV2433;X;;;;;;;;;;;;;x
PROV2434;X;;;;;;;;;;;;;x
PROV2435;X;;;;;;;;;;;;;x
PROV2436;X;;;;;;;;;;;;;x
PROV2437;X;;;;;;;;;;;;;x
PROV2438;X;;;;;;;;;;;;;x
PROV2439;X;;;;;;;;;;;;;x
PROV2440;X;;;;;;;;;;;;;x
PROV2441;X;;;;;;;;;;;;;x
PROV2442;X;;;;;;;;;;;;;x
PROV2443;X;;;;;;;;;;;;;x
PROV2444;X;;;;;;;;;;;;;x
PROV2445;X;;;;;;;;;;;;;x
PROV2446;X;;;;;;;;;;;;;x
PROV2447;X;;;;;;;;;;;;;x
PROV2448;X;;;;;;;;;;;;;x
PROV2449;X;;;;;;;;;;;;;x
PROV2450;X;;;;;;;;;;;;;x
PROV2451;X;;;;;;;;;;;;;x
PROV2452;X;;;;;;;;;;;;;x
PROV2453;X;;;;;;;;;;;;;x
PROV2454;X;;;;;;;;;;;;;x
PROV2455;X;;;;;;;;;;;;;x
PROV2456;X;;;;;;;;;;;;;x
PROV2457;X;;;;;;;;;;;;;x
PROV2458;X;;;;;;;;;;;;;x
PROV2459;X;;;;;;;;;;;;;x
PROV2460;X;;;;;;;;;;;;;x
PROV2461;X;;;;;;;;;;;;;x
PROV2462;X;;;;;;;;;;;;;x
PROV2463;X;;;;;;;;;;;;;x
PROV2464;X;;;;;;;;;;;;;x
PROV2465;X;;;;;;;;;;;;;x
PROV2466;X;;;;;;;;;;;;;x
PROV2467;X;;;;;;;;;;;;;x
PROV2468;X;;;;;;;;;;;;;x
PROV2469;X;;;;;;;;;;;;;x
PROV2470;X;;;;;;;;;;;;;x
PROV2471;X;;;;;;;;;;;;;x
PROV2472;X;;;;;;;;;;;;;x
PROV2473;X;;;;;;;;;;;;;x
PROV2474;X;;;;;;;;;;;;;x
PROV2475;X;;;;;;;;;;;;;x
PROV2476;X;;;;;;;;;;;;;x
PROV2477;X;;;;;;;;;;;;;x
PROV2478;X;;;;;;;;;;;;;x
PROV2479;X;;;;;;;;;;;;;x
PROV2480;X;;;;;;;;;;;;;x
PROV2481;X;;;;;;;;;;;;;x
PROV2482;X;;;;;;;;;;;;;x
PROV2483;X;;;;;;;;;;;;;x
PROV2484;X;;;;;;;;;;;;;x
PROV2485;X;;;;;;;;;;;;;x
PROV2486;X;;;;;;;;;;;;;x
PROV2487;X;;;;;;;;;;;;;x
PROV2488;X;;;;;;;;;;;;;x
PROV2489;X;;;;;;;;;;;;;x
PROV2490;X;;;;;;;;;;;;;x
PROV2491;X;;;;;;;;;;;;;x
PROV2492;X;;;;;;;;;;;;;x
PROV2493;X;;;;;;;;;;;;;x
PROV2494;X;;;;;;;;;;;;;x
PROV2495;X;;;;;;;;;;;;;x
PROV2496;X;;;;;;;;;;;;;x
PROV2497;X;;;;;;;;;;;;;x
PROV2498;X;;;;;;;;;;;;;x
PROV2499;X;;;;;;;;;;;;;x
PROV2500;X;;;;;;;;;;;;;x
PROV2501;X;;;;;;;;;;;;;x
PROV2502;X;;;;;;;;;;;;;x
PROV2503;X;;;;;;;;;;;;;x
PROV2504;X;;;;;;;;;;;;;x
PROV2505;X;;;;;;;;;;;;;x
PROV2506;X;;;;;;;;;;;;;x
PROV2507;X;;;;;;;;;;;;;x
PROV2508;X;;;;;;;;;;;;;x
PROV2509;X;;;;;;;;;;;;;x
PROV2510;X;;;;;;;;;;;;;x
PROV2511;X;;;;;;;;;;;;;x
PROV2512;X;;;;;;;;;;;;;x
PROV2513;X;;;;;;;;;;;;;x
PROV2514;X;;;;;;;;;;;;;x
PROV2515;X;;;;;;;;;;;;;x
PROV2516;X;;;;;;;;;;;;;x
PROV2517;X;;;;;;;;;;;;;x
PROV2518;X;;;;;;;;;;;;;x
PROV2519;X;;;;;;;;;;;;;x
PROV2520;X;;;;;;;;;;;;;x
PROV2521;X;;;;;;;;;;;;;x
PROV2522;X;;;;;;;;;;;;;x
PROV2523;X;;;;;;;;;;;;;x
PROV2524;X;;;;;;;;;;;;;x
PROV2525;X;;;;;;;;;;;;;x
PROV2526;X;;;;;;;;;;;;;x
PROV2527;X;;;;;;;;;;;;;x
PROV2528;X;;;;;;;;;;;;;x
PROV2529;X;;;;;;;;;;;;;x
PROV2530;X;;;;;;;;;;;;;x
PROV2531;X;;;;;;;;;;;;;x
PROV2532;X;;;;;;;;;;;;;x
PROV2533;X;;;;;;;;;;;;;x
PROV2534;X;;;;;;;;;;;;;x
PROV2535;X;;;;;;;;;;;;;x
PROV2536;X;;;;;;;;;;;;;x
PROV2537;X;;;;;;;;;;;;;x
PROV2538;X;;;;;;;;;;;;;x
PROV2539;X;;;;;;;;;;;;;x
PROV2540;X;;;;;;;;;;;;;x
PROV2541;X;;;;;;;;;;;;;x
PROV2542;X;;;;;;;;;;;;;x
PROV2543;X;;;;;;;;;;;;;x
PROV2544;X;;;;;;;;;;;;;x
PROV2545;X;;;;;;;;;;;;;x
PROV2546;X;;;;;;;;;;;;;x
PROV2547;X;;;;;;;;;;;;;x
PROV2548;X;;;;;;;;;;;;;x
PROV2549;X;;;;;;;;;;;;;x
PROV2550;X;;;;;;;;;;;;;x
PROV2551;X;;;;;;;;;;;;;x
PROV2552;X;;;;;;;;;;;;;x
PROV2553;X;;;;;;;;;;;;;x
PROV2554;X;;;;;;;;;;;;;x
PROV2555;X;;;;;;;;;;;;;x
PROV2556;X;;;;;;;;;;;;;x
PROV2557;X;;;;;;;;;;;;;x
PROV2558;X;;;;;;;;;;;;;x
PROV2559;X;;;;;;;;;;;;;x
PROV2560;X;;;;;;;;;;;;;x
PROV2561;X;;;;;;;;;;;;;x
PROV2562;X;;;;;;;;;;;;;x
PROV2563;X;;;;;;;;;;;;;x
PROV2564;X;;;;;;;;;;;;;x
PROV2565;X;;;;;;;;;;;;;x
PROV2566;X;;;;;;;;;;;;;x
PROV2567;X;;;;;;;;;;;;;x
PROV2568;X;;;;;;;;;;;;;x
PROV2569;X;;;;;;;;;;;;;x
PROV2570;X;;;;;;;;;;;;;x
PROV2571;X;;;;;;;;;;;;;x
PROV2572;X;;;;;;;;;;;;;x
PROV2573;X;;;;;;;;;;;;;x
PROV2574;X;;;;;;;;;;;;;x
PROV2575;X;;;;;;;;;;;;;x
PROV2576;X;;;;;;;;;;;;;x
PROV2577;X;;;;;;;;;;;;;x
PROV2578;X;;;;;;;;;;;;;x
PROV2579;X;;;;;;;;;;;;;x
PROV2580;X;;;;;;;;;;;;;x
PROV2581;X;;;;;;;;;;;;;x
PROV2582;X;;;;;;;;;;;;;x
PROV2583;X;;;;;;;;;;;;;x
PROV2584;X;;;;;;;;;;;;;x
PROV2585;X;;;;;;;;;;;;;x
PROV2586;X;;;;;;;;;;;;;x
PROV2587;X;;;;;;;;;;;;;x
PROV2588;X;;;;;;;;;;;;;x
PROV2589;X;;;;;;;;;;;;;x
PROV2590;X;;;;;;;;;;;;;x
PROV2591;X;;;;;;;;;;;;;x
PROV2592;X;;;;;;;;;;;;;x
PROV2593;X;;;;;;;;;;;;;x
PROV2594;X;;;;;;;;;;;;;x
PROV2595;X;;;;;;;;;;;;;x
PROV2596;X;;;;;;;;;;;;;x
PROV2597;X;;;;;;;;;;;;;x
PROV2598;X;;;;;;;;;;;;;x
PROV2599;X;;;;;;;;;;;;;x
PROV2600;X;;;;;;;;;;;;;x
PROV2601;X;;;;;;;;;;;;;x
PROV2602;X;;;;;;;;;;;;;x
PROV2603;X;;;;;;;;;;;;;x
PROV2604;X;;;;;;;;;;;;;x
PROV2605;X;;;;;;;;;;;;;x
PROV2606;X;;;;;;;;;;;;;x
PROV2607;X;;;;;;;;;;;;;x
PROV2608;X;;;;;;;;;;;;;x
PROV2609;X;;;;;;;;;;;;;x
PROV2610;X;;;;;;;;;;;;;x
PROV2611;X;;;;;;;;;;;;;x
PROV2612;X;;;;;;;;;;;;;x
PROV2613;X;;;;;;;;;;;;;x
PROV2614;X;;;;;;;;;;;;;x
PROV2615;X;;;;;;;;;;;;;x
PROV2616;X;;;;;;;;;;;;;x
PROV2617;X;;;;;;;;;;;;;x
PROV2618;X;;;;;;;;;;;;;x
PROV2619;X;;;;;;;;;;;;;x
PROV2620;X;;;;;;;;;;;;;x
PROV2621;X;;;;;;;;;;;;;x
PROV2622;X;;;;;;;;;;;;;x
PROV2623;X;;;;;;;;;;;;;x
PROV2624;X;;;;;;;;;;;;;x
PROV2625;X;;;;;;;;;;;;;x
PROV2626;X;;;;;;;;;;;;;x
PROV2627;X;;;;;;;;;;;;;x
PROV2628;X;;;;;;;;;;;;;x
PROV2629;X;;;;;;;;;;;;;x
PROV2630;X;;;;;;;;;;;;;x
PROV2631;X;;;;;;;;;;;;;x
PROV2632;X;;;;;;;;;;;;;x
PROV2633;X;;;;;;;;;;;;;x
PROV2634;X;;;;;;;;;;;;;x
PROV2635;X;;;;;;;;;;;;;x
PROV2636;X;;;;;;;;;;;;;x
PROV2637;X;;;;;;;;;;;;;x
PROV2638;X;;;;;;;;;;;;;x
PROV2639;X;;;;;;;;;;;;;x
PROV2640;X;;;;;;;;;;;;;x
PROV2641;X;;;;;;;;;;;;;x
PROV2642;X;;;;;;;;;;;;;x
PROV2643;X;;;;;;;;;;;;;x
PROV2644;X;;;;;;;;;;;;;x
PROV2645;X;;;;;;;;;;;;;x
PROV2646;X;;;;;;;;;;;;;x
PROV2647;X;;;;;;;;;;;;;x
PROV2648;X;;;;;;;;;;;;;x
PROV2649;X;;;;;;;;;;;;;x
PROV2650;X;;;;;;;;;;;;;x
PROV2651;X;;;;;;;;;;;;;x
PROV2652;X;;;;;;;;;;;;;x
PROV2653;X;;;;;;;;;;;;;x
PROV2654;X;;;;;;;;;;;;;x
PROV2655;X;;;;;;;;;;;;;x
PROV2656;X;;;;;;;;;;;;;x
PROV2657;X;;;;;;;;;;;;;x
PROV2658;X;;;;;;;;;;;;;x
PROV2659;X;;;;;;;;;;;;;x
PROV2660;X;;;;;;;;;;;;;x
PROV2661;X;;;;;;;;;;;;;x
PROV2662;X;;;;;;;;;;;;;x
PROV2663;X;;;;;;;;;;;;;x
PROV2664;X;;;;;;;;;;;;;x
PROV2665;X;;;;;;;;;;;;;x
PROV2666;X;;;;;;;;;;;;;x
PROV2667;X;;;;;;;;;;;;;x
PROV2668;X;;;;;;;;;;;;;x
PROV2669;X;;;;;;;;;;;;;x
PROV2670;X;;;;;;;;;;;;;x
PROV2671;X;;;;;;;;;;;;;x
PROV2672;X;;;;;;;;;;;;;x
PROV2673;X;;;;;;;;;;;;;x
PROV2674;X;;;;;;;;;;;;;x
PROV2675;X;;;;;;;;;;;;;x
PROV2676;X;;;;;;;;;;;;;x
PROV2677;X;;;;;;;;;;;;;x
PROV2678;X;;;;;;;;;;;;;x
PROV2679;X;;;;;;;;;;;;;x
PROV2680;X;;;;;;;;;;;;;x
PROV2681;X;;;;;;;;;;;;;x
PROV2682;X;;;;;;;;;;;;;x
PROV2683;X;;;;;;;;;;;;;x
PROV2684;X;;;;;;;;;;;;;x
PROV2685;X;;;;;;;;;;;;;x
PROV2686;X;;;;;;;;;;;;;x
PROV2687;X;;;;;;;;;;;;;x
PROV2688;X;;;;;;;;;;;;;x
PROV2689;X;;;;;;;;;;;;;x
PROV2690;X;;;;;;;;;;;;;x
PROV2691;X;;;;;;;;;;;;;x
PROV2692;X;;;;;;;;;;;;;x
PROV2693;X;;;;;;;;;;;;;x
PROV2694;X;;;;;;;;;;;;;x
PROV2695;X;;;;;;;;;;;;;x
PROV2696;X;;;;;;;;;;;;;x
PROV2697;X;;;;;;;;;;;;;x
PROV2698;X;;;;;;;;;;;;;x
PROV2699;X;;;;;;;;;;;;;x
PROV2700;X;;;;;;;;;;;;;x
PROV2701;X;;;;;;;;;;;;;x
PROV2702;X;;;;;;;;;;;;;x
PROV2703;X;;;;;;;;;;;;;x
PROV2704;X;;;;;;;;;;;;;x
PROV2705;X;;;;;;;;;;;;;x
PROV2706;X;;;;;;;;;;;;;x
PROV2707;X;;;;;;;;;;;;;x
PROV2708;X;;;;;;;;;;;;;x
PROV2709;X;;;;;;;;;;;;;x
PROV2710;X;;;;;;;;;;;;;x
PROV2711;X;;;;;;;;;;;;;x
PROV2712;X;;;;;;;;;;;;;x
PROV2713;X;;;;;;;;;;;;;x
PROV2714;X;;;;;;;;;;;;;x
PROV2715;X;;;;;;;;;;;;;x
PROV2716;X;;;;;;;;;;;;;x
PROV2717;X;;;;;;;;;;;;;x
PROV2718;X;;;;;;;;;;;;;x
PROV2719;X;;;;;;;;;;;;;x
PROV2720;X;;;;;;;;;;;;;x
PROV2721;X;;;;;;;;;;;;;x
PROV2722;X;;;;;;;;;;;;;x
PROV2723;X;;;;;;;;;;;;;x
PROV2724;X;;;;;;;;;;;;;x
PROV2725;X;;;;;;;;;;;;;x
PROV2726;X;;;;;;;;;;;;;x
PROV2727;X;;;;;;;;;;;;;x
PROV2728;X;;;;;;;;;;;;;x
PROV2729;X;;;;;;;;;;;;;x
PROV2730;X;;;;;;;;;;;;;x
PROV2731;X;;;;;;;;;;;;;x
PROV2732;X;;;;;;;;;;;;;x
PROV2733;X;;;;;;;;;;;;;x
PROV2734;X;;;;;;;;;;;;;x
PROV2735;X;;;;;;;;;;;;;x
PROV2736;X;;;;;;;;;;;;;x
PROV2737;X;;;;;;;;;;;;;x
PROV2738;X;;;;;;;;;;;;;x
PROV2739;X;;;;;;;;;;;;;x
PROV2740;X;;;;;;;;;;;;;x
PROV2741;X;;;;;;;;;;;;;x
PROV2742;X;;;;;;;;;;;;;x
PROV2743;X;;;;;;;;;;;;;x
PROV2744;X;;;;;;;;;;;;;x
PROV2745;X;;;;;;;;;;;;;x
PROV2746;X;;;;;;;;;;;;;x
PROV2747;X;;;;;;;;;;;;;x
PROV2748;X;;;;;;;;;;;;;x
PROV2749;X;;;;;;;;;;;;;x
PROV2750;X;;;;;;;;;;;;;x
PROV2751;X;;;;;;;;;;;;;x
PROV2752;X;;;;;;;;;;;;;x
PROV2753;X;;;;;;;;;;;;;x
PROV2754;X;;;;;;;;;;;;;x
PROV2755;X;;;;;;;;;;;;;x
PROV2756;X;;;;;;;;;;;;;x
PROV2757;X;;;;;;;;;;;;;x
PROV2758;X;;;;;;;;;;;;;x
PROV2759;X;;;;;;;;;;;;;x
PROV2760;X;;;;;;;;;;;;;x
PROV2761;X;;;;;;;;;;;;;x
PROV2762;X;;;;;;;;;;;;;x
PROV2763;X;;;;;;;;;;;;;x
PROV2764;X;;;;;;;;;;;;;x
PROV2765;X;;;;;;;;;;;;;x
PROV2766;X;;;;;;;;;;;;;x
PROV2767;X;;;;;;;;;;;;;x
PROV2768;X;;;;;;;;;;;;;x
PROV2769;X;;;;;;;;;;;;;x
PROV2770;X;;;;;;;;;;;;;x
PROV2771;X;;;;;;;;;;;;;x
PROV2772;X;;;;;;;;;;;;;x
PROV2773;X;;;;;;;;;;;;;x
PROV2774;X;;;;;;;;;;;;;x
PROV2775;X;;;;;;;;;;;;;x
PROV2776;X;;;;;;;;;;;;;x
PROV2777;X;;;;;;;;;;;;;x
PROV2778;X;;;;;;;;;;;;;x
PROV2779;X;;;;;;;;;;;;;x
PROV2780;X;;;;;;;;;;;;;x
PROV2781;X;;;;;;;;;;;;;x
PROV2782;X;;;;;;;;;;;;;x
PROV2783;X;;;;;;;;;;;;;x
PROV2784;X;;;;;;;;;;;;;x
PROV2785;X;;;;;;;;;;;;;x
PROV2786;X;;;;;;;;;;;;;x
PROV2787;X;;;;;;;;;;;;;x
PROV2788;X;;;;;;;;;;;;;x
PROV2789;X;;;;;;;;;;;;;x
PROV2790;X;;;;;;;;;;;;;x
PROV2791;X;;;;;;;;;;;;;x
PROV2792;X;;;;;;;;;;;;;x
PROV2793;X;;;;;;;;;;;;;x
PROV2794;X;;;;;;;;;;;;;x
PROV2795;X;;;;;;;;;;;;;x
PROV2796;X;;;;;;;;;;;;;x
PROV2797;X;;;;;;;;;;;;;x
PROV2798;X;;;;;;;;;;;;;x
PROV2799;X;;;;;;;;;;;;;x
PROV2800;X;;;;;;;;;;;;;x
PROV2801;X;;;;;;;;;;;;;x
PROV2802;X;;;;;;;;;;;;;x
PROV2803;X;;;;;;;;;;;;;x
PROV2804;X;;;;;;;;;;;;;x
PROV2805;X;;;;;;;;;;;;;x
PROV2806;X;;;;;;;;;;;;;x
PROV2807;X;;;;;;;;;;;;;x
PROV2808;X;;;;;;;;;;;;;x
PROV2809;X;;;;;;;;;;;;;x
PROV2810;X;;;;;;;;;;;;;x
PROV2811;X;;;;;;;;;;;;;x
PROV2812;X;;;;;;;;;;;;;x
PROV2813;X;;;;;;;;;;;;;x
PROV2814;X;;;;;;;;;;;;;x
PROV2815;X;;;;;;;;;;;;;x
PROV2816;X;;;;;;;;;;;;;x
PROV2817;X;;;;;;;;;;;;;x
PROV2818;X;;;;;;;;;;;;;x
PROV2819;X;;;;;;;;;;;;;x
PROV2820;X;;;;;;;;;;;;;x
PROV2821;X;;;;;;;;;;;;;x
PROV2822;X;;;;;;;;;;;;;x
PROV2823;X;;;;;;;;;;;;;x
PROV2824;X;;;;;;;;;;;;;x
PROV2825;X;;;;;;;;;;;;;x
PROV2826;X;;;;;;;;;;;;;x
PROV2827;X;;;;;;;;;;;;;x
PROV2828;X;;;;;;;;;;;;;x
PROV2829;X;;;;;;;;;;;;;x
PROV2830;X;;;;;;;;;;;;;x
PROV2831;X;;;;;;;;;;;;;x
PROV2832;X;;;;;;;;;;;;;x
PROV2833;X;;;;;;;;;;;;;x
PROV2834;X;;;;;;;;;;;;;x
PROV2835;X;;;;;;;;;;;;;x
PROV2836;X;;;;;;;;;;;;;x
PROV2837;X;;;;;;;;;;;;;x
PROV2838;X;;;;;;;;;;;;;x
PROV2839;X;;;;;;;;;;;;;x
PROV2840;X;;;;;;;;;;;;;x
PROV2841;X;;;;;;;;;;;;;x
PROV2842;X;;;;;;;;;;;;;x
PROV2843;X;;;;;;;;;;;;;x
PROV2844;X;;;;;;;;;;;;;x
PROV2845;X;;;;;;;;;;;;;x
PROV2846;X;;;;;;;;;;;;;x
PROV2847;X;;;;;;;;;;;;;x
PROV2848;X;;;;;;;;;;;;;x
PROV2849;X;;;;;;;;;;;;;x
PROV2850;X;;;;;;;;;;;;;x
PROV2851;X;;;;;;;;;;;;;x
PROV2852;X;;;;;;;;;;;;;x
PROV2853;X;;;;;;;;;;;;;x
PROV2854;X;;;;;;;;;;;;;x
PROV2855;X;;;;;;;;;;;;;x
PROV2856;X;;;;;;;;;;;;;x
PROV2857;X;;;;;;;;;;;;;x
PROV2858;X;;;;;;;;;;;;;x
PROV2859;X;;;;;;;;;;;;;x
PROV2860;X;;;;;;;;;;;;;x
PROV2861;X;;;;;;;;;;;;;x
PROV2862;X;;;;;;;;;;;;;x
PROV2863;X;;;;;;;;;;;;;x
PROV2864;X;;;;;;;;;;;;;x
PROV2865;X;;;;;;;;;;;;;x
PROV2866;X;;;;;;;;;;;;;x
PROV2867;X;;;;;;;;;;;;;x
PROV2868;X;;;;;;;;;;;;;x
PROV2869;X;;;;;;;;;;;;;x
PROV2870;X;;;;;;;;;;;;;x
PROV2871;X;;;;;;;;;;;;;x
PROV2872;X;;;;;;;;;;;;;x
PROV2873;X;;;;;;;;;;;;;x
PROV2874;X;;;;;;;;;;;;;x
PROV2875;X;;;;;;;;;;;;;x
PROV2876;X;;;;;;;;;;;;;x
PROV2877;X;;;;;;;;;;;;;x
PROV2878;X;;;;;;;;;;;;;x
PROV2879;X;;;;;;;;;;;;;x
PROV2880;X;;;;;;;;;;;;;x
PROV2881;X;;;;;;;;;;;;;x
PROV2882;X;;;;;;;;;;;;;x
PROV2883;X;;;;;;;;;;;;;x
PROV2884;X;;;;;;;;;;;;;x
PROV2885;X;;;;;;;;;;;;;x
PROV2886;X;;;;;;;;;;;;;x
PROV2887;X;;;;;;;;;;;;;x
PROV2888;X;;;;;;;;;;;;;x
PROV2889;X;;;;;;;;;;;;;x
PROV2890;X;;;;;;;;;;;;;x
PROV2891;X;;;;;;;;;;;;;x
PROV2892;X;;;;;;;;;;;;;x
PROV2893;X;;;;;;;;;;;;;x
PROV2894;X;;;;;;;;;;;;;x
PROV2895;X;;;;;;;;;;;;;x
PROV2896;X;;;;;;;;;;;;;x
PROV2897;X;;;;;;;;;;;;;x
PROV2898;X;;;;;;;;;;;;;x
PROV2899;X;;;;;;;;;;;;;x
PROV2900;X;;;;;;;;;;;;;x
PROV2901;X;;;;;;;;;;;;;x
PROV2902;X;;;;;;;;;;;;;x
PROV2903;X;;;;;;;;;;;;;x
PROV2904;X;;;;;;;;;;;;;x
PROV2905;X;;;;;;;;;;;;;x
PROV2906;X;;;;;;;;;;;;;x
PROV2907;X;;;;;;;;;;;;;x
PROV2908;X;;;;;;;;;;;;;x
PROV2909;X;;;;;;;;;;;;;x
PROV2910;X;;;;;;;;;;;;;x
PROV2911;X;;;;;;;;;;;;;x
PROV2912;X;;;;;;;;;;;;;x
PROV2913;X;;;;;;;;;;;;;x
PROV2914;X;;;;;;;;;;;;;x
PROV2915;X;;;;;;;;;;;;;x
PROV2916;X;;;;;;;;;;;;;x
PROV2917;X;;;;;;;;;;;;;x
PROV2918;X;;;;;;;;;;;;;x
PROV2919;X;;;;;;;;;;;;;x
PROV2920;X;;;;;;;;;;;;;x
PROV2921;X;;;;;;;;;;;;;x
PROV2922;X;;;;;;;;;;;;;x
PROV2923;X;;;;;;;;;;;;;x
PROV2924;X;;;;;;;;;;;;;x
PROV2925;X;;;;;;;;;;;;;x
PROV2926;X;;;;;;;;;;;;;x
PROV2927;X;;;;;;;;;;;;;x
PROV2928;X;;;;;;;;;;;;;x
PROV2929;X;;;;;;;;;;;;;x
PROV2930;X;;;;;;;;;;;;;x
PROV2931;X;;;;;;;;;;;;;x
PROV2932;X;;;;;;;;;;;;;x
PROV2933;X;;;;;;;;;;;;;x
PROV2934;X;;;;;;;;;;;;;x
PROV2935;X;;;;;;;;;;;;;x
PROV2936;X;;;;;;;;;;;;;x
PROV2937;X;;;;;;;;;;;;;x
PROV2938;X;;;;;;;;;;;;;x
PROV2939;X;;;;;;;;;;;;;x
PROV2940;X;;;;;;;;;;;;;x
PROV2941;X;;;;;;;;;;;;;x
PROV2942;X;;;;;;;;;;;;;x
PROV2943;X;;;;;;;;;;;;;x
PROV2944;X;;;;;;;;;;;;;x
PROV2945;X;;;;;;;;;;;;;x
PROV2946;X;;;;;;;;;;;;;x
PROV2947;X;;;;;;;;;;;;;x
PROV2948;X;;;;;;;;;;;;;x
PROV2949;X;;;;;;;;;;;;;x
PROV2950;X;;;;;;;;;;;;;x
PROV2951;X;;;;;;;;;;;;;x
PROV2952;X;;;;;;;;;;;;;x
PROV2953;X;;;;;;;;;;;;;x
PROV2954;X;;;;;;;;;;;;;x
PROV2955;X;;;;;;;;;;;;;x
PROV2956;X;;;;;;;;;;;;;x
PROV2957;X;;;;;;;;;;;;;x
PROV2958;X;;;;;;;;;;;;;x
PROV2959;X;;;;;;;;;;;;;x
PROV2960;X;;;;;;;;;;;;;x
PROV2961;X;;;;;;;;;;;;;x
PROV2962;X;;;;;;;;;;;;;x
PROV2963;X;;;;;;;;;;;;;x
PROV2964;X;;;;;;;;;;;;;x
PROV2965;X;;;;;;;;;;;;;x
PROV2966;X;;;;;;;;;;;;;x
PROV2967;X;;;;;;;;;;;;;x
PROV2968;X;;;;;;;;;;;;;x
PROV2969;X;;;;;;;;;;;;;x
PROV2970;X;;;;;;;;;;;;;x
PROV2971;X;;;;;;;;;;;;;x
PROV2972;X;;;;;;;;;;;;;x
PROV2973;X;;;;;;;;;;;;;x
PROV2974;X;;;;;;;;;;;;;x
PROV2975;X;;;;;;;;;;;;;x
PROV2976;X;;;;;;;;;;;;;x
PROV2977;X;;;;;;;;;;;;;x
PROV2978;X;;;;;;;;;;;;;x
PROV2979;X;;;;;;;;;;;;;x
PROV2980;X;;;;;;;;;;;;;x
PROV2981;X;;;;;;;;;;;;;x
PROV2982;X;;;;;;;;;;;;;x
PROV2983;X;;;;;;;;;;;;;x
PROV2984;X;;;;;;;;;;;;;x
PROV2985;X;;;;;;;;;;;;;x
PROV2986;X;;;;;;;;;;;;;x
PROV2987;X;;;;;;;;;;;;;x
PROV2988;X;;;;;;;;;;;;;x
PROV2989;X;;;;;;;;;;;;;x
PROV2990;X;;;;;;;;;;;;;x
PROV2991;X;;;;;;;;;;;;;x
PROV2992;X;;;;;;;;;;;;;x
PROV2993;X;;;;;;;;;;;;;x
PROV2994;X;;;;;;;;;;;;;x
PROV2995;X;;;;;;;;;;;;;x
PROV2996;X;;;;;;;;;;;;;x
PROV2997;X;;;;;;;;;;;;;x
PROV2998;X;;;;;;;;;;;;;x
PROV2999;X;;;;;;;;;;;;;x
PROV3000;X;;;;;;;;;;;;;x
PROV3001;X;;;;;;;;;;;;;x
PROV3002;X;;;;;;;;;;;;;x
PROV3003;X;;;;;;;;;;;;;x
PROV3004;X;;;;;;;;;;;;;x
PROV3005;X;;;;;;;;;;;;;x
PROV3006;X;;;;;;;;;;;;;x
PROV3007;X;;;;;;;;;;;;;x
PROV3008;X;;;;;;;;;;;;;x
PROV3009;X;;;;;;;;;;;;;x
PROV3010;X;;;;;;;;;;;;;x
PROV3011;X;;;;;;;;;;;;;x
PROV3012;X;;;;;;;;;;;;;x
PROV3013;X;;;;;;;;;;;;;x
PROV3014;X;;;;;;;;;;;;;x
PROV3015;X;;;;;;;;;;;;;x
PROV3016;X;;;;;;;;;;;;;x
PROV3017;X;;;;;;;;;;;;;x
PROV3018;X;;;;;;;;;;;;;x
PROV3019;X;;;;;;;;;;;;;x
PROV3020;X;;;;;;;;;;;;;x
PROV3021;X;;;;;;;;;;;;;x
PROV3022;X;;;;;;;;;;;;;x
PROV3023;X;;;;;;;;;;;;;x
PROV3024;X;;;;;;;;;;;;;x
PROV3025;X;;;;;;;;;;;;;x
PROV3026;X;;;;;;;;;;;;;x
PROV3027;X;;;;;;;;;;;;;x
PROV3028;X;;;;;;;;;;;;;x
PROV3029;X;;;;;;;;;;;;;x
PROV3030;X;;;;;;;;;;;;;x
PROV3031;X;;;;;;;;;;;;;x
PROV3032;X;;;;;;;;;;;;;x
PROV3033;X;;;;;;;;;;;;;x
PROV3034;X;;;;;;;;;;;;;x ######LAKES BELOW#############
PROV3035;Chyoohim;;;;;;;;;;;;;x
PROV3036;Chyufov;;;;;;;;;;;;;x
PROV3037;Bobu;;;;;;;;;;;;;x
PROV3038;Echk;;;;;;;;;;;;;x
PROV3039;Gonyi;;;;;;;;;;;;;x
PROV3040;Geshe;;;;;;;;;;;;;x
PROV3041;Doubidt;;;;;;;;;;;;;x
PROV3042;Gaaggis;;;;;;;;;;;;;x ####### REGIONS/STATES BELOW ########